from,to,multimodal,segm
WOMEN/Skirts/id_00000629/04_3_back.jpg,WOMEN/Skirts/id_00000629/04_3_back.jpg,FALSE,FALSE
WOMEN/Tees_Tanks/id_00007838/05_7_additional.jpg,WOMEN/Tees_Tanks/id_00007838/05_7_additional.jpg,FALSE,FALSE
MEN/Pants/id_00001611/01_1_front.jpg,MEN/Pants/id_00001611/01_1_front.jpg,FALSE,FALSE
WOMEN/Shorts/id_00006215/07_4_full.jpg,WOMEN/Shorts/id_00006215/07_4_full.jpg,TRUE,TRUE
MEN/Tees_Tanks/id_00001222/04_3_back.jpg,MEN/Tees_Tanks/id_00001222/04_3_back.jpg,TRUE,FALSE
WOMEN/Pants/id_00007139/05_1_front.jpg,WOMEN/Pants/id_00007139/05_1_front.jpg,TRUE,TRUE
WOMEN/Blouses_Shirts/id_00006348/02_1_front.jpg,WOMEN/Blouses_Shirts/id_00006348/02_1_front.jpg,TRUE,FALSE
WOMEN/Tees_Tanks/id_00005859/02_3_back.jpg,WOMEN/Tees_Tanks/id_00005859/02_3_back.jpg,TRUE,FALSE
WOMEN/Blouses_Shirts/id_00005617/04_3_back.jpg,WOMEN/Blouses_Shirts/id_00005617/04_3_back.jpg,TRUE,FALSE
WOMEN/Jackets_Coats/id_00001073/01_1_front.jpg,WOMEN/Jackets_Coats/id_00001073/01_1_front.jpg,TRUE,FALSE
WOMEN/Shorts/id_00007500/02_3_back.jpg,WOMEN/Shorts/id_00007500/02_3_back.jpg,FALSE,FALSE
WOMEN/Dresses/id_00004733/02_7_additional.jpg,WOMEN/Dresses/id_00004733/02_7_additional.jpg,TRUE,TRUE
MEN/Tees_Tanks/id_00005280/01_1_front.jpg,MEN/Tees_Tanks/id_00005280/01_1_front.jpg,TRUE,FALSE
WOMEN/Dresses/id_00006099/02_4_full.jpg,WOMEN/Dresses/id_00006099/02_4_full.jpg,TRUE,TRUE
WOMEN/Cardigans/id_00004477/03_7_additional.jpg,WOMEN/Cardigans/id_00004477/03_7_additional.jpg,TRUE,FALSE
WOMEN/Dresses/id_00000852/04_2_side.jpg,WOMEN/Dresses/id_00000852/04_2_side.jpg,TRUE,FALSE
MEN/Shorts/id_00002710/01_2_side.jpg,MEN/Shorts/id_00002710/01_2_side.jpg,FALSE,FALSE
WOMEN/Dresses/id_00000027/02_7_additional.jpg,WOMEN/Dresses/id_00000027/02_7_additional.jpg,TRUE,FALSE
MEN/Shirts_Polos/id_00003899/01_1_front.jpg,MEN/Shirts_Polos/id_00003899/01_1_front.jpg,TRUE,FALSE
WOMEN/Sweaters/id_00000607/02_1_front.jpg,WOMEN/Sweaters/id_00000607/02_1_front.jpg,TRUE,FALSE
WOMEN/Dresses/id_00005754/03_1_front.jpg,WOMEN/Dresses/id_00005754/03_1_front.jpg,TRUE,FALSE
WOMEN/Pants/id_00007584/01_7_additional.jpg,WOMEN/Pants/id_00007584/01_7_additional.jpg,TRUE,TRUE
WOMEN/Dresses/id_00007929/01_7_additional.jpg,WOMEN/Dresses/id_00007929/01_7_additional.jpg,TRUE,FALSE
WOMEN/Blouses_Shirts/id_00000666/01_7_additional.jpg,WOMEN/Blouses_Shirts/id_00000666/01_7_additional.jpg,TRUE,FALSE
WOMEN/Blouses_Shirts/id_00003927/07_4_full.jpg,WOMEN/Blouses_Shirts/id_00003927/07_4_full.jpg,TRUE,TRUE
WOMEN/Sweaters/id_00002793/02_4_full.jpg,WOMEN/Sweaters/id_00002793/02_4_full.jpg,TRUE,TRUE
WOMEN/Dresses/id_00001552/01_1_front.jpg,WOMEN/Dresses/id_00001552/01_1_front.jpg,TRUE,FALSE
WOMEN/Sweaters/id_00003049/06_2_side.jpg,WOMEN/Sweaters/id_00003049/06_2_side.jpg,TRUE,FALSE
WOMEN/Tees_Tanks/id_00006863/30_3_back.jpg,WOMEN/Tees_Tanks/id_00006863/30_3_back.jpg,TRUE,FALSE
WOMEN/Dresses/id_00007808/02_7_additional.jpg,WOMEN/Dresses/id_00007808/02_7_additional.jpg,FALSE,FALSE
WOMEN/Dresses/id_00005934/06_3_back.jpg,WOMEN/Dresses/id_00005934/06_3_back.jpg,TRUE,FALSE
WOMEN/Tees_Tanks/id_00007447/04_1_front.jpg,WOMEN/Tees_Tanks/id_00007447/04_1_front.jpg,TRUE,FALSE
WOMEN/Sweaters/id_00004501/01_4_full.jpg,WOMEN/Sweaters/id_00004501/01_4_full.jpg,TRUE,TRUE
WOMEN/Tees_Tanks/id_00005203/04_3_back.jpg,WOMEN/Tees_Tanks/id_00005203/04_3_back.jpg,TRUE,FALSE
WOMEN/Dresses/id_00006068/06_3_back.jpg,WOMEN/Dresses/id_00006068/06_3_back.jpg,TRUE,TRUE
WOMEN/Blouses_Shirts/id_00007892/03_3_back.jpg,WOMEN/Blouses_Shirts/id_00007892/03_3_back.jpg,TRUE,FALSE
WOMEN/Dresses/id_00004683/01_3_back.jpg,WOMEN/Dresses/id_00004683/01_3_back.jpg,TRUE,FALSE
WOMEN/Dresses/id_00003332/07_2_side.jpg,WOMEN/Dresses/id_00003332/07_2_side.jpg,TRUE,FALSE
WOMEN/Jackets_Coats/id_00005216/02_1_front.jpg,WOMEN/Jackets_Coats/id_00005216/02_1_front.jpg,TRUE,FALSE
WOMEN/Blouses_Shirts/id_00005774/02_7_additional.jpg,WOMEN/Blouses_Shirts/id_00005774/02_7_additional.jpg,TRUE,FALSE
WOMEN/Skirts/id_00005635/30_7_additional.jpg,WOMEN/Skirts/id_00005635/30_7_additional.jpg,FALSE,FALSE
MEN/Denim/id_00000089/45_2_side.jpg,MEN/Denim/id_00000089/45_2_side.jpg,FALSE,FALSE
WOMEN/Dresses/id_00007725/03_2_side.jpg,WOMEN/Dresses/id_00007725/03_2_side.jpg,TRUE,FALSE
WOMEN/Tees_Tanks/id_00004236/02_3_back.jpg,WOMEN/Tees_Tanks/id_00004236/02_3_back.jpg,TRUE,FALSE
WOMEN/Shorts/id_00005418/07_2_side.jpg,WOMEN/Shorts/id_00005418/07_2_side.jpg,FALSE,FALSE
WOMEN/Blouses_Shirts/id_00006293/02_7_additional.jpg,WOMEN/Blouses_Shirts/id_00006293/02_7_additional.jpg,TRUE,FALSE
WOMEN/Dresses/id_00006925/06_7_additional.jpg,WOMEN/Dresses/id_00006925/06_7_additional.jpg,TRUE,FALSE
MEN/Tees_Tanks/id_00005160/09_1_front.jpg,MEN/Tees_Tanks/id_00005160/09_1_front.jpg,TRUE,FALSE
WOMEN/Tees_Tanks/id_00007899/11_1_front.jpg,WOMEN/Tees_Tanks/id_00007899/11_1_front.jpg,TRUE,FALSE
WOMEN/Blouses_Shirts/id_00003080/02_2_side.jpg,WOMEN/Blouses_Shirts/id_00003080/02_2_side.jpg,TRUE,FALSE
WOMEN/Dresses/id_00007124/01_3_back.jpg,WOMEN/Dresses/id_00007124/01_3_back.jpg,TRUE,FALSE
WOMEN/Tees_Tanks/id_00003226/03_2_side.jpg,WOMEN/Tees_Tanks/id_00003226/03_2_side.jpg,TRUE,FALSE
WOMEN/Skirts/id_00005898/01_3_back.jpg,WOMEN/Skirts/id_00005898/01_3_back.jpg,TRUE,FALSE
WOMEN/Tees_Tanks/id_00007464/04_4_full.jpg,WOMEN/Tees_Tanks/id_00007464/04_4_full.jpg,TRUE,TRUE
WOMEN/Sweaters/id_00004745/03_4_full.jpg,WOMEN/Sweaters/id_00004745/03_4_full.jpg,TRUE,TRUE
WOMEN/Dresses/id_00001667/02_4_full.jpg,WOMEN/Dresses/id_00001667/02_4_full.jpg,TRUE,TRUE
WOMEN/Blouses_Shirts/id_00005517/01_2_side.jpg,WOMEN/Blouses_Shirts/id_00005517/01_2_side.jpg,TRUE,FALSE
WOMEN/Rompers_Jumpsuits/id_00004333/01_4_full.jpg,WOMEN/Rompers_Jumpsuits/id_00004333/01_4_full.jpg,TRUE,TRUE
WOMEN/Blouses_Shirts/id_00003217/01_2_side.jpg,WOMEN/Blouses_Shirts/id_00003217/01_2_side.jpg,TRUE,FALSE
WOMEN/Tees_Tanks/id_00006863/49_4_full.jpg,WOMEN/Tees_Tanks/id_00006863/49_4_full.jpg,TRUE,TRUE
WOMEN/Blouses_Shirts/id_00007161/02_1_front.jpg,WOMEN/Blouses_Shirts/id_00007161/02_1_front.jpg,TRUE,FALSE
WOMEN/Sweatshirts_Hoodies/id_00007198/03_1_front.jpg,WOMEN/Sweatshirts_Hoodies/id_00007198/03_1_front.jpg,TRUE,TRUE
WOMEN/Jackets_Coats/id_00000119/02_4_full.jpg,WOMEN/Jackets_Coats/id_00000119/02_4_full.jpg,TRUE,TRUE
WOMEN/Jackets_Coats/id_00006396/02_1_front.jpg,WOMEN/Jackets_Coats/id_00006396/02_1_front.jpg,TRUE,FALSE
WOMEN/Shorts/id_00001357/02_3_back.jpg,WOMEN/Shorts/id_00001357/02_3_back.jpg,FALSE,FALSE
MEN/Pants/id_00001510/05_7_additional.jpg,MEN/Pants/id_00001510/05_7_additional.jpg,FALSE,FALSE
WOMEN/Cardigans/id_00000613/03_7_additional.jpg,WOMEN/Cardigans/id_00000613/03_7_additional.jpg,TRUE,FALSE
WOMEN/Skirts/id_00004346/02_1_front.jpg,WOMEN/Skirts/id_00004346/02_1_front.jpg,TRUE,FALSE
MEN/Tees_Tanks/id_00002638/05_2_side.jpg,MEN/Tees_Tanks/id_00002638/05_2_side.jpg,TRUE,FALSE
WOMEN/Shorts/id_00006121/06_1_front.jpg,WOMEN/Shorts/id_00006121/06_1_front.jpg,TRUE,FALSE
WOMEN/Sweatshirts_Hoodies/id_00000986/01_2_side.jpg,WOMEN/Sweatshirts_Hoodies/id_00000986/01_2_side.jpg,TRUE,FALSE
WOMEN/Graphic_Tees/id_00005655/01_2_side.jpg,WOMEN/Graphic_Tees/id_00005655/01_2_side.jpg,TRUE,FALSE
WOMEN/Blouses_Shirts/id_00001102/03_2_side.jpg,WOMEN/Blouses_Shirts/id_00001102/03_2_side.jpg,TRUE,FALSE
MEN/Tees_Tanks/id_00007224/02_4_full.jpg,MEN/Tees_Tanks/id_00007224/02_4_full.jpg,TRUE,TRUE
MEN/Tees_Tanks/id_00005038/05_1_front.jpg,MEN/Tees_Tanks/id_00005038/05_1_front.jpg,TRUE,FALSE
WOMEN/Blouses_Shirts/id_00004708/02_1_front.jpg,WOMEN/Blouses_Shirts/id_00004708/02_1_front.jpg,TRUE,FALSE
WOMEN/Tees_Tanks/id_00007514/06_2_side.jpg,WOMEN/Tees_Tanks/id_00007514/06_2_side.jpg,TRUE,FALSE
WOMEN/Tees_Tanks/id_00004971/05_2_side.jpg,WOMEN/Tees_Tanks/id_00004971/05_2_side.jpg,TRUE,FALSE
WOMEN/Tees_Tanks/id_00006317/10_1_front.jpg,WOMEN/Tees_Tanks/id_00006317/10_1_front.jpg,TRUE,FALSE
WOMEN/Dresses/id_00006979/01_3_back.jpg,WOMEN/Dresses/id_00006979/01_3_back.jpg,TRUE,FALSE
WOMEN/Graphic_Tees/id_00003256/02_3_back.jpg,WOMEN/Graphic_Tees/id_00003256/02_3_back.jpg,TRUE,FALSE
WOMEN/Dresses/id_00000636/02_3_back.jpg,WOMEN/Dresses/id_00000636/02_3_back.jpg,TRUE,TRUE
WOMEN/Blouses_Shirts/id_00004608/05_4_full.jpg,WOMEN/Blouses_Shirts/id_00004608/05_4_full.jpg,TRUE,TRUE
WOMEN/Tees_Tanks/id_00005085/02_1_front.jpg,WOMEN/Tees_Tanks/id_00005085/02_1_front.jpg,TRUE,FALSE
WOMEN/Tees_Tanks/id_00003885/06_3_back.jpg,WOMEN/Tees_Tanks/id_00003885/06_3_back.jpg,TRUE,FALSE
WOMEN/Pants/id_00004163/03_3_back.jpg,WOMEN/Pants/id_00004163/03_3_back.jpg,FALSE,FALSE
WOMEN/Tees_Tanks/id_00003055/02_1_front.jpg,WOMEN/Tees_Tanks/id_00003055/02_1_front.jpg,TRUE,FALSE
WOMEN/Blouses_Shirts/id_00002447/03_4_full.jpg,WOMEN/Blouses_Shirts/id_00002447/03_4_full.jpg,TRUE,TRUE
MEN/Shorts/id_00002110/21_1_front.jpg,MEN/Shorts/id_00002110/21_1_front.jpg,TRUE,TRUE
MEN/Sweatshirts_Hoodies/id_00002431/01_7_additional.jpg,MEN/Sweatshirts_Hoodies/id_00002431/01_7_additional.jpg,TRUE,FALSE
WOMEN/Rompers_Jumpsuits/id_00006102/02_4_full.jpg,WOMEN/Rompers_Jumpsuits/id_00006102/02_4_full.jpg,TRUE,TRUE
MEN/Shirts_Polos/id_00001055/03_7_additional.jpg,MEN/Shirts_Polos/id_00001055/03_7_additional.jpg,TRUE,FALSE
WOMEN/Skirts/id_00006463/05_4_full.jpg,WOMEN/Skirts/id_00006463/05_4_full.jpg,TRUE,TRUE
WOMEN/Dresses/id_00007797/02_7_additional.jpg,WOMEN/Dresses/id_00007797/02_7_additional.jpg,TRUE,FALSE
MEN/Tees_Tanks/id_00003342/01_2_side.jpg,MEN/Tees_Tanks/id_00003342/01_2_side.jpg,TRUE,FALSE
WOMEN/Blouses_Shirts/id_00001418/01_2_side.jpg,WOMEN/Blouses_Shirts/id_00001418/01_2_side.jpg,TRUE,FALSE
WOMEN/Graphic_Tees/id_00000019/01_1_front.jpg,WOMEN/Graphic_Tees/id_00000019/01_1_front.jpg,TRUE,FALSE
WOMEN/Sweaters/id_00003585/04_7_additional.jpg,WOMEN/Sweaters/id_00003585/04_7_additional.jpg,TRUE,TRUE
WOMEN/Shorts/id_00003946/02_1_front.jpg,WOMEN/Shorts/id_00003946/02_1_front.jpg,TRUE,FALSE
WOMEN/Tees_Tanks/id_00007796/03_1_front.jpg,WOMEN/Tees_Tanks/id_00007796/03_1_front.jpg,TRUE,FALSE
WOMEN/Tees_Tanks/id_00001022/01_3_back.jpg,WOMEN/Tees_Tanks/id_00001022/01_3_back.jpg,TRUE,FALSE
WOMEN/Rompers_Jumpsuits/id_00000886/02_3_back.jpg,WOMEN/Rompers_Jumpsuits/id_00000886/02_3_back.jpg,TRUE,FALSE
WOMEN/Tees_Tanks/id_00002152/03_4_full.jpg,WOMEN/Tees_Tanks/id_00002152/03_4_full.jpg,TRUE,TRUE
WOMEN/Rompers_Jumpsuits/id_00005437/01_3_back.jpg,WOMEN/Rompers_Jumpsuits/id_00005437/01_3_back.jpg,TRUE,FALSE
WOMEN/Sweatshirts_Hoodies/id_00002619/01_1_front.jpg,WOMEN/Sweatshirts_Hoodies/id_00002619/01_1_front.jpg,TRUE,FALSE
WOMEN/Skirts/id_00000595/02_3_back.jpg,WOMEN/Skirts/id_00000595/02_3_back.jpg,FALSE,FALSE
MEN/Sweatshirts_Hoodies/id_00000689/01_7_additional.jpg,MEN/Sweatshirts_Hoodies/id_00000689/01_7_additional.jpg,FALSE,FALSE
WOMEN/Tees_Tanks/id_00003268/13_2_side.jpg,WOMEN/Tees_Tanks/id_00003268/13_2_side.jpg,TRUE,FALSE
WOMEN/Cardigans/id_00001383/03_4_full.jpg,WOMEN/Cardigans/id_00001383/03_4_full.jpg,TRUE,TRUE
WOMEN/Dresses/id_00006704/04_2_side.jpg,WOMEN/Dresses/id_00006704/04_2_side.jpg,TRUE,FALSE
WOMEN/Sweatshirts_Hoodies/id_00003697/01_2_side.jpg,WOMEN/Sweatshirts_Hoodies/id_00003697/01_2_side.jpg,TRUE,FALSE
WOMEN/Dresses/id_00000537/08_4_full.jpg,WOMEN/Dresses/id_00000537/08_4_full.jpg,TRUE,TRUE
WOMEN/Shorts/id_00003208/11_3_back.jpg,WOMEN/Shorts/id_00003208/11_3_back.jpg,FALSE,FALSE
WOMEN/Dresses/id_00000481/03_4_full.jpg,WOMEN/Dresses/id_00000481/03_4_full.jpg,TRUE,TRUE
MEN/Tees_Tanks/id_00005307/01_2_side.jpg,MEN/Tees_Tanks/id_00005307/01_2_side.jpg,TRUE,FALSE
WOMEN/Sweaters/id_00007235/11_7_additional.jpg,WOMEN/Sweaters/id_00007235/11_7_additional.jpg,TRUE,FALSE
WOMEN/Tees_Tanks/id_00003704/01_7_additional.jpg,WOMEN/Tees_Tanks/id_00003704/01_7_additional.jpg,TRUE,FALSE
MEN/Denim/id_00000089/17_1_front.jpg,MEN/Denim/id_00000089/17_1_front.jpg,FALSE,FALSE
MEN/Jackets_Vests/id_00003336/06_3_back.jpg,MEN/Jackets_Vests/id_00003336/06_3_back.jpg,TRUE,FALSE
WOMEN/Sweatshirts_Hoodies/id_00004520/01_1_front.jpg,WOMEN/Sweatshirts_Hoodies/id_00004520/01_1_front.jpg,TRUE,FALSE
WOMEN/Tees_Tanks/id_00005532/02_2_side.jpg,WOMEN/Tees_Tanks/id_00005532/02_2_side.jpg,TRUE,FALSE
WOMEN/Tees_Tanks/id_00000665/01_3_back.jpg,WOMEN/Tees_Tanks/id_00000665/01_3_back.jpg,TRUE,FALSE
WOMEN/Sweaters/id_00000415/03_4_full.jpg,WOMEN/Sweaters/id_00000415/03_4_full.jpg,TRUE,TRUE
WOMEN/Blouses_Shirts/id_00004892/05_4_full.jpg,WOMEN/Blouses_Shirts/id_00004892/05_4_full.jpg,TRUE,TRUE
WOMEN/Dresses/id_00005845/03_7_additional.jpg,WOMEN/Dresses/id_00005845/03_7_additional.jpg,TRUE,TRUE
WOMEN/Tees_Tanks/id_00006602/17_2_side.jpg,WOMEN/Tees_Tanks/id_00006602/17_2_side.jpg,TRUE,FALSE
WOMEN/Tees_Tanks/id_00000752/02_2_side.jpg,WOMEN/Tees_Tanks/id_00000752/02_2_side.jpg,TRUE,FALSE
WOMEN/Skirts/id_00004521/01_1_front.jpg,WOMEN/Skirts/id_00004521/01_1_front.jpg,TRUE,TRUE
WOMEN/Jackets_Coats/id_00003857/14_1_front.jpg,WOMEN/Jackets_Coats/id_00003857/14_1_front.jpg,TRUE,TRUE
WOMEN/Dresses/id_00007010/02_1_front.jpg,WOMEN/Dresses/id_00007010/02_1_front.jpg,TRUE,TRUE
WOMEN/Jackets_Coats/id_00005629/06_7_additional.jpg,WOMEN/Jackets_Coats/id_00005629/06_7_additional.jpg,TRUE,TRUE
MEN/Shorts/id_00007496/03_1_front.jpg,MEN/Shorts/id_00007496/03_1_front.jpg,FALSE,FALSE
WOMEN/Dresses/id_00003740/04_3_back.jpg,WOMEN/Dresses/id_00003740/04_3_back.jpg,TRUE,FALSE
MEN/Tees_Tanks/id_00007723/01_7_additional.jpg,MEN/Tees_Tanks/id_00007723/01_7_additional.jpg,TRUE,TRUE
WOMEN/Pants/id_00001999/02_1_front.jpg,WOMEN/Pants/id_00001999/02_1_front.jpg,TRUE,TRUE
WOMEN/Leggings/id_00000648/02_7_additional.jpg,WOMEN/Leggings/id_00000648/02_7_additional.jpg,FALSE,FALSE
WOMEN/Pants/id_00000432/03_3_back.jpg,WOMEN/Pants/id_00000432/03_3_back.jpg,FALSE,FALSE
MEN/Sweatshirts_Hoodies/id_00003225/01_7_additional.jpg,MEN/Sweatshirts_Hoodies/id_00003225/01_7_additional.jpg,TRUE,FALSE
WOMEN/Dresses/id_00001845/03_2_side.jpg,WOMEN/Dresses/id_00001845/03_2_side.jpg,TRUE,TRUE
WOMEN/Blouses_Shirts/id_00005105/02_7_additional.jpg,WOMEN/Blouses_Shirts/id_00005105/02_7_additional.jpg,TRUE,FALSE
WOMEN/Dresses/id_00000287/01_4_full.jpg,WOMEN/Dresses/id_00000287/01_4_full.jpg,TRUE,TRUE
MEN/Shorts/id_00000697/04_7_additional.jpg,MEN/Shorts/id_00000697/04_7_additional.jpg,FALSE,FALSE
WOMEN/Dresses/id_00005754/05_3_back.jpg,WOMEN/Dresses/id_00005754/05_3_back.jpg,TRUE,FALSE
WOMEN/Shorts/id_00002928/03_7_additional.jpg,WOMEN/Shorts/id_00002928/03_7_additional.jpg,FALSE,FALSE
WOMEN/Cardigans/id_00006579/04_1_front.jpg,WOMEN/Cardigans/id_00006579/04_1_front.jpg,TRUE,FALSE
WOMEN/Blouses_Shirts/id_00004772/02_7_additional.jpg,WOMEN/Blouses_Shirts/id_00004772/02_7_additional.jpg,TRUE,FALSE
MEN/Tees_Tanks/id_00004550/01_4_full.jpg,MEN/Tees_Tanks/id_00004550/01_4_full.jpg,TRUE,TRUE
WOMEN/Tees_Tanks/id_00003710/01_3_back.jpg,WOMEN/Tees_Tanks/id_00003710/01_3_back.jpg,TRUE,FALSE
WOMEN/Tees_Tanks/id_00003590/01_1_front.jpg,WOMEN/Tees_Tanks/id_00003590/01_1_front.jpg,TRUE,FALSE
WOMEN/Shorts/id_00005011/02_1_front.jpg,WOMEN/Shorts/id_00005011/02_1_front.jpg,TRUE,FALSE
WOMEN/Rompers_Jumpsuits/id_00003550/01_7_additional.jpg,WOMEN/Rompers_Jumpsuits/id_00003550/01_7_additional.jpg,TRUE,FALSE
WOMEN/Tees_Tanks/id_00002065/01_2_side.jpg,WOMEN/Tees_Tanks/id_00002065/01_2_side.jpg,TRUE,FALSE
WOMEN/Sweaters/id_00004677/03_4_full.jpg,WOMEN/Sweaters/id_00004677/03_4_full.jpg,TRUE,TRUE
WOMEN/Dresses/id_00004396/02_1_front.jpg,WOMEN/Dresses/id_00004396/02_1_front.jpg,TRUE,FALSE
WOMEN/Jackets_Coats/id_00005814/02_7_additional.jpg,WOMEN/Jackets_Coats/id_00005814/02_7_additional.jpg,TRUE,TRUE
MEN/Pants/id_00007323/01_7_additional.jpg,MEN/Pants/id_00007323/01_7_additional.jpg,FALSE,FALSE
WOMEN/Cardigans/id_00006579/04_4_full.jpg,WOMEN/Cardigans/id_00006579/04_4_full.jpg,TRUE,TRUE
MEN/Jackets_Vests/id_00006736/01_2_side.jpg,MEN/Jackets_Vests/id_00006736/01_2_side.jpg,TRUE,FALSE
WOMEN/Dresses/id_00003022/02_7_additional.jpg,WOMEN/Dresses/id_00003022/02_7_additional.jpg,TRUE,FALSE
WOMEN/Tees_Tanks/id_00004619/01_2_side.jpg,WOMEN/Tees_Tanks/id_00004619/01_2_side.jpg,TRUE,FALSE
WOMEN/Jackets_Coats/id_00003477/02_4_full.jpg,WOMEN/Jackets_Coats/id_00003477/02_4_full.jpg,TRUE,TRUE
MEN/Pants/id_00006535/01_1_front.jpg,MEN/Pants/id_00006535/01_1_front.jpg,TRUE,TRUE
MEN/Shorts/id_00007442/04_7_additional.jpg,MEN/Shorts/id_00007442/04_7_additional.jpg,FALSE,FALSE
WOMEN/Blouses_Shirts/id_00000043/01_7_additional.jpg,WOMEN/Blouses_Shirts/id_00000043/01_7_additional.jpg,TRUE,FALSE
WOMEN/Sweatshirts_Hoodies/id_00001773/04_1_front.jpg,WOMEN/Sweatshirts_Hoodies/id_00001773/04_1_front.jpg,TRUE,FALSE
WOMEN/Sweaters/id_00003870/01_2_side.jpg,WOMEN/Sweaters/id_00003870/01_2_side.jpg,TRUE,FALSE
MEN/Tees_Tanks/id_00001774/23_7_additional.jpg,MEN/Tees_Tanks/id_00001774/23_7_additional.jpg,TRUE,FALSE
WOMEN/Tees_Tanks/id_00003759/04_2_side.jpg,WOMEN/Tees_Tanks/id_00003759/04_2_side.jpg,TRUE,FALSE
WOMEN/Tees_Tanks/id_00002201/44_2_side.jpg,WOMEN/Tees_Tanks/id_00002201/44_2_side.jpg,TRUE,FALSE
WOMEN/Blouses_Shirts/id_00001661/04_1_front.jpg,WOMEN/Blouses_Shirts/id_00001661/04_1_front.jpg,TRUE,FALSE
MEN/Pants/id_00006469/01_3_back.jpg,MEN/Pants/id_00006469/01_3_back.jpg,FALSE,FALSE
WOMEN/Tees_Tanks/id_00004773/02_1_front.jpg,WOMEN/Tees_Tanks/id_00004773/02_1_front.jpg,TRUE,FALSE
WOMEN/Blouses_Shirts/id_00000380/05_4_full.jpg,WOMEN/Blouses_Shirts/id_00000380/05_4_full.jpg,TRUE,TRUE
WOMEN/Pants/id_00007099/06_7_additional.jpg,WOMEN/Pants/id_00007099/06_7_additional.jpg,FALSE,FALSE
MEN/Tees_Tanks/id_00004530/07_3_back.jpg,MEN/Tees_Tanks/id_00004530/07_3_back.jpg,TRUE,FALSE
WOMEN/Tees_Tanks/id_00007195/06_7_additional.jpg,WOMEN/Tees_Tanks/id_00007195/06_7_additional.jpg,TRUE,FALSE
WOMEN/Tees_Tanks/id_00000117/07_1_front.jpg,WOMEN/Tees_Tanks/id_00000117/07_1_front.jpg,TRUE,FALSE
WOMEN/Sweaters/id_00005594/09_2_side.jpg,WOMEN/Sweaters/id_00005594/09_2_side.jpg,TRUE,FALSE
WOMEN/Tees_Tanks/id_00004078/01_3_back.jpg,WOMEN/Tees_Tanks/id_00004078/01_3_back.jpg,TRUE,FALSE
WOMEN/Dresses/id_00004193/01_1_front.jpg,WOMEN/Dresses/id_00004193/01_1_front.jpg,TRUE,FALSE
WOMEN/Tees_Tanks/id_00001724/04_3_back.jpg,WOMEN/Tees_Tanks/id_00001724/04_3_back.jpg,TRUE,FALSE
WOMEN/Blouses_Shirts/id_00005694/01_3_back.jpg,WOMEN/Blouses_Shirts/id_00005694/01_3_back.jpg,TRUE,FALSE
WOMEN/Sweaters/id_00007453/02_2_side.jpg,WOMEN/Sweaters/id_00007453/02_2_side.jpg,TRUE,FALSE
WOMEN/Cardigans/id_00001765/01_2_side.jpg,WOMEN/Cardigans/id_00001765/01_2_side.jpg,TRUE,FALSE
WOMEN/Tees_Tanks/id_00000159/06_4_full.jpg,WOMEN/Tees_Tanks/id_00000159/06_4_full.jpg,TRUE,TRUE
WOMEN/Jackets_Coats/id_00001347/07_1_front.jpg,WOMEN/Jackets_Coats/id_00001347/07_1_front.jpg,TRUE,FALSE
WOMEN/Shorts/id_00004728/01_7_additional.jpg,WOMEN/Shorts/id_00004728/01_7_additional.jpg,FALSE,FALSE
WOMEN/Dresses/id_00005988/04_2_side.jpg,WOMEN/Dresses/id_00005988/04_2_side.jpg,TRUE,FALSE
WOMEN/Sweaters/id_00004863/01_7_additional.jpg,WOMEN/Sweaters/id_00004863/01_7_additional.jpg,TRUE,FALSE
MEN/Jackets_Vests/id_00007583/01_2_side.jpg,MEN/Jackets_Vests/id_00007583/01_2_side.jpg,TRUE,FALSE
WOMEN/Tees_Tanks/id_00003776/06_7_additional.jpg,WOMEN/Tees_Tanks/id_00003776/06_7_additional.jpg,TRUE,FALSE
WOMEN/Tees_Tanks/id_00003841/01_1_front.jpg,WOMEN/Tees_Tanks/id_00003841/01_1_front.jpg,TRUE,FALSE
WOMEN/Tees_Tanks/id_00005124/01_1_front.jpg,WOMEN/Tees_Tanks/id_00005124/01_1_front.jpg,TRUE,FALSE
WOMEN/Jackets_Coats/id_00007017/03_7_additional.jpg,WOMEN/Jackets_Coats/id_00007017/03_7_additional.jpg,TRUE,TRUE
WOMEN/Blouses_Shirts/id_00000231/02_4_full.jpg,WOMEN/Blouses_Shirts/id_00000231/02_4_full.jpg,TRUE,TRUE
WOMEN/Sweaters/id_00006416/02_7_additional.jpg,WOMEN/Sweaters/id_00006416/02_7_additional.jpg,FALSE,FALSE
WOMEN/Blouses_Shirts/id_00005535/04_7_additional.jpg,WOMEN/Blouses_Shirts/id_00005535/04_7_additional.jpg,TRUE,FALSE
MEN/Pants/id_00001292/01_2_side.jpg,MEN/Pants/id_00001292/01_2_side.jpg,FALSE,FALSE
MEN/Sweatshirts_Hoodies/id_00005897/02_1_front.jpg,MEN/Sweatshirts_Hoodies/id_00005897/02_1_front.jpg,TRUE,FALSE
WOMEN/Dresses/id_00004449/01_3_back.jpg,WOMEN/Dresses/id_00004449/01_3_back.jpg,TRUE,FALSE
WOMEN/Graphic_Tees/id_00005791/01_7_additional.jpg,WOMEN/Graphic_Tees/id_00005791/01_7_additional.jpg,FALSE,FALSE
WOMEN/Dresses/id_00006340/05_2_side.jpg,WOMEN/Dresses/id_00006340/05_2_side.jpg,TRUE,FALSE
WOMEN/Dresses/id_00001392/03_1_front.jpg,WOMEN/Dresses/id_00001392/03_1_front.jpg,TRUE,TRUE
WOMEN/Tees_Tanks/id_00001634/06_2_side.jpg,WOMEN/Tees_Tanks/id_00001634/06_2_side.jpg,TRUE,FALSE
WOMEN/Tees_Tanks/id_00007318/04_1_front.jpg,WOMEN/Tees_Tanks/id_00007318/04_1_front.jpg,TRUE,FALSE
WOMEN/Pants/id_00007278/02_4_full.jpg,WOMEN/Pants/id_00007278/02_4_full.jpg,FALSE,FALSE
WOMEN/Blouses_Shirts/id_00004491/08_3_back.jpg,WOMEN/Blouses_Shirts/id_00004491/08_3_back.jpg,TRUE,FALSE
WOMEN/Tees_Tanks/id_00000159/05_2_side.jpg,WOMEN/Tees_Tanks/id_00000159/05_2_side.jpg,TRUE,FALSE
WOMEN/Shorts/id_00005154/01_7_additional.jpg,WOMEN/Shorts/id_00005154/01_7_additional.jpg,FALSE,FALSE
WOMEN/Blouses_Shirts/id_00007768/01_3_back.jpg,WOMEN/Blouses_Shirts/id_00007768/01_3_back.jpg,TRUE,FALSE
WOMEN/Pants/id_00004087/03_2_side.jpg,WOMEN/Pants/id_00004087/03_2_side.jpg,FALSE,FALSE
WOMEN/Blouses_Shirts/id_00005023/04_2_side.jpg,WOMEN/Blouses_Shirts/id_00005023/04_2_side.jpg,TRUE,FALSE
WOMEN/Shorts/id_00007680/03_4_full.jpg,WOMEN/Shorts/id_00007680/03_4_full.jpg,TRUE,TRUE
WOMEN/Shorts/id_00005838/05_1_front.jpg,WOMEN/Shorts/id_00005838/05_1_front.jpg,TRUE,FALSE
WOMEN/Skirts/id_00006712/02_2_side.jpg,WOMEN/Skirts/id_00006712/02_2_side.jpg,FALSE,FALSE
WOMEN/Tees_Tanks/id_00004313/05_3_back.jpg,WOMEN/Tees_Tanks/id_00004313/05_3_back.jpg,TRUE,FALSE
MEN/Denim/id_00004998/01_1_front.jpg,MEN/Denim/id_00004998/01_1_front.jpg,FALSE,FALSE
MEN/Shirts_Polos/id_00002541/01_4_full.jpg,MEN/Shirts_Polos/id_00002541/01_4_full.jpg,TRUE,FALSE
WOMEN/Shorts/id_00002038/06_1_front.jpg,WOMEN/Shorts/id_00002038/06_1_front.jpg,TRUE,FALSE
WOMEN/Blouses_Shirts/id_00003230/02_7_additional.jpg,WOMEN/Blouses_Shirts/id_00003230/02_7_additional.jpg,TRUE,FALSE
WOMEN/Tees_Tanks/id_00002272/05_2_side.jpg,WOMEN/Tees_Tanks/id_00002272/05_2_side.jpg,TRUE,FALSE
WOMEN/Dresses/id_00001054/02_4_full.jpg,WOMEN/Dresses/id_00001054/02_4_full.jpg,TRUE,TRUE
WOMEN/Skirts/id_00006004/04_4_full.jpg,WOMEN/Skirts/id_00006004/04_4_full.jpg,TRUE,TRUE
WOMEN/Shorts/id_00005058/01_7_additional.jpg,WOMEN/Shorts/id_00005058/01_7_additional.jpg,FALSE,FALSE
WOMEN/Pants/id_00001320/01_1_front.jpg,WOMEN/Pants/id_00001320/01_1_front.jpg,TRUE,TRUE
WOMEN/Skirts/id_00006463/05_7_additional.jpg,WOMEN/Skirts/id_00006463/05_7_additional.jpg,TRUE,FALSE
MEN/Tees_Tanks/id_00001571/04_1_front.jpg,MEN/Tees_Tanks/id_00001571/04_1_front.jpg,TRUE,FALSE
WOMEN/Tees_Tanks/id_00006163/01_3_back.jpg,WOMEN/Tees_Tanks/id_00006163/01_3_back.jpg,TRUE,FALSE
MEN/Tees_Tanks/id_00004550/01_3_back.jpg,MEN/Tees_Tanks/id_00004550/01_3_back.jpg,TRUE,FALSE
WOMEN/Tees_Tanks/id_00000960/13_4_full.jpg,WOMEN/Tees_Tanks/id_00000960/13_4_full.jpg,TRUE,TRUE
WOMEN/Jackets_Coats/id_00007420/02_3_back.jpg,WOMEN/Jackets_Coats/id_00007420/02_3_back.jpg,TRUE,FALSE
WOMEN/Sweaters/id_00002256/02_4_full.jpg,WOMEN/Sweaters/id_00002256/02_4_full.jpg,TRUE,TRUE
WOMEN/Tees_Tanks/id_00003732/48_4_full.jpg,WOMEN/Tees_Tanks/id_00003732/48_4_full.jpg,TRUE,TRUE
WOMEN/Shorts/id_00000987/04_3_back.jpg,WOMEN/Shorts/id_00000987/04_3_back.jpg,FALSE,FALSE
WOMEN/Blouses_Shirts/id_00006197/02_4_full.jpg,WOMEN/Blouses_Shirts/id_00006197/02_4_full.jpg,TRUE,TRUE
WOMEN/Graphic_Tees/id_00005627/01_1_front.jpg,WOMEN/Graphic_Tees/id_00005627/01_1_front.jpg,TRUE,FALSE
WOMEN/Blouses_Shirts/id_00001446/07_4_full.jpg,WOMEN/Blouses_Shirts/id_00001446/07_4_full.jpg,TRUE,TRUE
WOMEN/Sweaters/id_00001696/05_7_additional.jpg,WOMEN/Sweaters/id_00001696/05_7_additional.jpg,TRUE,FALSE
WOMEN/Graphic_Tees/id_00005854/01_7_additional.jpg,WOMEN/Graphic_Tees/id_00005854/01_7_additional.jpg,TRUE,FALSE
WOMEN/Blouses_Shirts/id_00004528/01_3_back.jpg,WOMEN/Blouses_Shirts/id_00004528/01_3_back.jpg,TRUE,FALSE
WOMEN/Skirts/id_00001547/05_7_additional.jpg,WOMEN/Skirts/id_00001547/05_7_additional.jpg,FALSE,FALSE
WOMEN/Tees_Tanks/id_00005683/03_3_back.jpg,WOMEN/Tees_Tanks/id_00005683/03_3_back.jpg,TRUE,FALSE
WOMEN/Tees_Tanks/id_00003226/04_2_side.jpg,WOMEN/Tees_Tanks/id_00003226/04_2_side.jpg,TRUE,FALSE
WOMEN/Cardigans/id_00003254/03_3_back.jpg,WOMEN/Cardigans/id_00003254/03_3_back.jpg,TRUE,FALSE
WOMEN/Sweaters/id_00001389/01_2_side.jpg,WOMEN/Sweaters/id_00001389/01_2_side.jpg,TRUE,FALSE
WOMEN/Skirts/id_00007142/04_4_full.jpg,WOMEN/Skirts/id_00007142/04_4_full.jpg,TRUE,TRUE
WOMEN/Shorts/id_00001173/04_4_full.jpg,WOMEN/Shorts/id_00001173/04_4_full.jpg,FALSE,FALSE
WOMEN/Dresses/id_00005810/03_4_full.jpg,WOMEN/Dresses/id_00005810/03_4_full.jpg,TRUE,TRUE
MEN/Pants/id_00006957/01_2_side.jpg,MEN/Pants/id_00006957/01_2_side.jpg,FALSE,FALSE
WOMEN/Dresses/id_00000106/03_3_back.jpg,WOMEN/Dresses/id_00000106/03_3_back.jpg,TRUE,FALSE
WOMEN/Tees_Tanks/id_00000384/01_1_front.jpg,WOMEN/Tees_Tanks/id_00000384/01_1_front.jpg,TRUE,FALSE
WOMEN/Cardigans/id_00006595/03_3_back.jpg,WOMEN/Cardigans/id_00006595/03_3_back.jpg,TRUE,FALSE
WOMEN/Shorts/id_00004949/02_7_additional.jpg,WOMEN/Shorts/id_00004949/02_7_additional.jpg,FALSE,FALSE
WOMEN/Graphic_Tees/id_00002347/03_2_side.jpg,WOMEN/Graphic_Tees/id_00002347/03_2_side.jpg,TRUE,FALSE
WOMEN/Tees_Tanks/id_00000550/01_3_back.jpg,WOMEN/Tees_Tanks/id_00000550/01_3_back.jpg,TRUE,FALSE
WOMEN/Sweaters/id_00002608/08_2_side.jpg,WOMEN/Sweaters/id_00002608/08_2_side.jpg,TRUE,FALSE
WOMEN/Tees_Tanks/id_00004445/02_7_additional.jpg,WOMEN/Tees_Tanks/id_00004445/02_7_additional.jpg,TRUE,TRUE
MEN/Sweaters/id_00004638/05_2_side.jpg,MEN/Sweaters/id_00004638/05_2_side.jpg,TRUE,FALSE
MEN/Sweaters/id_00000661/01_3_back.jpg,MEN/Sweaters/id_00000661/01_3_back.jpg,TRUE,FALSE
WOMEN/Rompers_Jumpsuits/id_00005647/01_3_back.jpg,WOMEN/Rompers_Jumpsuits/id_00005647/01_3_back.jpg,TRUE,FALSE
WOMEN/Blouses_Shirts/id_00000132/05_4_full.jpg,WOMEN/Blouses_Shirts/id_00000132/05_4_full.jpg,TRUE,TRUE
WOMEN/Dresses/id_00000250/03_1_front.jpg,WOMEN/Dresses/id_00000250/03_1_front.jpg,TRUE,FALSE
WOMEN/Cardigans/id_00005321/02_7_additional.jpg,WOMEN/Cardigans/id_00005321/02_7_additional.jpg,TRUE,TRUE
WOMEN/Skirts/id_00007788/06_4_full.jpg,WOMEN/Skirts/id_00007788/06_4_full.jpg,TRUE,TRUE
WOMEN/Tees_Tanks/id_00000222/01_7_additional.jpg,WOMEN/Tees_Tanks/id_00000222/01_7_additional.jpg,TRUE,FALSE
WOMEN/Dresses/id_00005582/02_7_additional.jpg,WOMEN/Dresses/id_00005582/02_7_additional.jpg,FALSE,FALSE
WOMEN/Shorts/id_00006121/05_1_front.jpg,WOMEN/Shorts/id_00006121/05_1_front.jpg,TRUE,FALSE
WOMEN/Tees_Tanks/id_00002201/30_1_front.jpg,WOMEN/Tees_Tanks/id_00002201/30_1_front.jpg,TRUE,FALSE
WOMEN/Skirts/id_00007244/06_7_additional.jpg,WOMEN/Skirts/id_00007244/06_7_additional.jpg,FALSE,FALSE
MEN/Shirts_Polos/id_00000193/07_3_back.jpg,MEN/Shirts_Polos/id_00000193/07_3_back.jpg,TRUE,FALSE
WOMEN/Graphic_Tees/id_00000553/01_3_back.jpg,WOMEN/Graphic_Tees/id_00000553/01_3_back.jpg,TRUE,FALSE
WOMEN/Blouses_Shirts/id_00007830/04_4_full.jpg,WOMEN/Blouses_Shirts/id_00007830/04_4_full.jpg,TRUE,TRUE
MEN/Shorts/id_00003063/02_2_side.jpg,MEN/Shorts/id_00003063/02_2_side.jpg,FALSE,FALSE
WOMEN/Tees_Tanks/id_00002071/06_4_full.jpg,WOMEN/Tees_Tanks/id_00002071/06_4_full.jpg,TRUE,TRUE
WOMEN/Blouses_Shirts/id_00001421/02_7_additional.jpg,WOMEN/Blouses_Shirts/id_00001421/02_7_additional.jpg,TRUE,FALSE
MEN/Shorts/id_00004292/05_2_side.jpg,MEN/Shorts/id_00004292/05_2_side.jpg,FALSE,FALSE
WOMEN/Pants/id_00003100/04_7_additional.jpg,WOMEN/Pants/id_00003100/04_7_additional.jpg,FALSE,FALSE
WOMEN/Tees_Tanks/id_00000798/04_2_side.jpg,WOMEN/Tees_Tanks/id_00000798/04_2_side.jpg,TRUE,FALSE
WOMEN/Sweaters/id_00002600/03_3_back.jpg,WOMEN/Sweaters/id_00002600/03_3_back.jpg,TRUE,FALSE
WOMEN/Jackets_Coats/id_00003446/03_3_back.jpg,WOMEN/Jackets_Coats/id_00003446/03_3_back.jpg,TRUE,FALSE
WOMEN/Dresses/id_00005380/02_3_back.jpg,WOMEN/Dresses/id_00005380/02_3_back.jpg,TRUE,FALSE
WOMEN/Shorts/id_00003810/02_7_additional.jpg,WOMEN/Shorts/id_00003810/02_7_additional.jpg,FALSE,FALSE
MEN/Sweaters/id_00003427/09_3_back.jpg,MEN/Sweaters/id_00003427/09_3_back.jpg,TRUE,FALSE
WOMEN/Tees_Tanks/id_00002699/08_1_front.jpg,WOMEN/Tees_Tanks/id_00002699/08_1_front.jpg,TRUE,FALSE
WOMEN/Jackets_Coats/id_00000698/05_1_front.jpg,WOMEN/Jackets_Coats/id_00000698/05_1_front.jpg,TRUE,FALSE
WOMEN/Tees_Tanks/id_00003770/06_7_additional.jpg,WOMEN/Tees_Tanks/id_00003770/06_7_additional.jpg,TRUE,FALSE
MEN/Tees_Tanks/id_00001056/01_2_side.jpg,MEN/Tees_Tanks/id_00001056/01_2_side.jpg,TRUE,FALSE
WOMEN/Blouses_Shirts/id_00003738/04_7_additional.jpg,WOMEN/Blouses_Shirts/id_00003738/04_7_additional.jpg,TRUE,FALSE
WOMEN/Cardigans/id_00001899/03_7_additional.jpg,WOMEN/Cardigans/id_00001899/03_7_additional.jpg,TRUE,FALSE
WOMEN/Shorts/id_00004401/01_2_side.jpg,WOMEN/Shorts/id_00004401/01_2_side.jpg,FALSE,FALSE
WOMEN/Dresses/id_00003337/03_2_side.jpg,WOMEN/Dresses/id_00003337/03_2_side.jpg,TRUE,FALSE
MEN/Shorts/id_00001246/01_2_side.jpg,MEN/Shorts/id_00001246/01_2_side.jpg,FALSE,FALSE
WOMEN/Jackets_Coats/id_00002872/02_4_full.jpg,WOMEN/Jackets_Coats/id_00002872/02_4_full.jpg,TRUE,TRUE
WOMEN/Cardigans/id_00007012/06_3_back.jpg,WOMEN/Cardigans/id_00007012/06_3_back.jpg,TRUE,FALSE
WOMEN/Tees_Tanks/id_00005847/01_2_side.jpg,WOMEN/Tees_Tanks/id_00005847/01_2_side.jpg,TRUE,TRUE
WOMEN/Jackets_Coats/id_00000356/01_3_back.jpg,WOMEN/Jackets_Coats/id_00000356/01_3_back.jpg,TRUE,FALSE
WOMEN/Dresses/id_00001403/02_3_back.jpg,WOMEN/Dresses/id_00001403/02_3_back.jpg,TRUE,FALSE
WOMEN/Shorts/id_00006825/04_3_back.jpg,WOMEN/Shorts/id_00006825/04_3_back.jpg,FALSE,FALSE
WOMEN/Dresses/id_00002297/05_7_additional.jpg,WOMEN/Dresses/id_00002297/05_7_additional.jpg,TRUE,TRUE
WOMEN/Dresses/id_00002237/02_3_back.jpg,WOMEN/Dresses/id_00002237/02_3_back.jpg,TRUE,FALSE
WOMEN/Dresses/id_00000388/05_7_additional.jpg,WOMEN/Dresses/id_00000388/05_7_additional.jpg,TRUE,TRUE
WOMEN/Cardigans/id_00001052/06_3_back.jpg,WOMEN/Cardigans/id_00001052/06_3_back.jpg,TRUE,FALSE
WOMEN/Dresses/id_00006954/02_1_front.jpg,WOMEN/Dresses/id_00006954/02_1_front.jpg,TRUE,TRUE
WOMEN/Blouses_Shirts/id_00004640/02_4_full.jpg,WOMEN/Blouses_Shirts/id_00004640/02_4_full.jpg,TRUE,TRUE
WOMEN/Shorts/id_00006825/03_1_front.jpg,WOMEN/Shorts/id_00006825/03_1_front.jpg,TRUE,FALSE
WOMEN/Dresses/id_00002786/02_2_side.jpg,WOMEN/Dresses/id_00002786/02_2_side.jpg,TRUE,TRUE
WOMEN/Dresses/id_00007270/04_4_full.jpg,WOMEN/Dresses/id_00007270/04_4_full.jpg,TRUE,TRUE
WOMEN/Blouses_Shirts/id_00004687/03_3_back.jpg,WOMEN/Blouses_Shirts/id_00004687/03_3_back.jpg,TRUE,FALSE
WOMEN/Tees_Tanks/id_00005124/01_7_additional.jpg,WOMEN/Tees_Tanks/id_00005124/01_7_additional.jpg,TRUE,FALSE
MEN/Sweaters/id_00003216/04_2_side.jpg,MEN/Sweaters/id_00003216/04_2_side.jpg,TRUE,FALSE
MEN/Shirts_Polos/id_00007027/01_3_back.jpg,MEN/Shirts_Polos/id_00007027/01_3_back.jpg,TRUE,FALSE
WOMEN/Dresses/id_00004950/02_3_back.jpg,WOMEN/Dresses/id_00004950/02_3_back.jpg,TRUE,FALSE
WOMEN/Dresses/id_00000244/02_7_additional.jpg,WOMEN/Dresses/id_00000244/02_7_additional.jpg,TRUE,FALSE
MEN/Shirts_Polos/id_00002874/02_7_additional.jpg,MEN/Shirts_Polos/id_00002874/02_7_additional.jpg,TRUE,FALSE
MEN/Tees_Tanks/id_00002371/03_7_additional.jpg,MEN/Tees_Tanks/id_00002371/03_7_additional.jpg,FALSE,FALSE
MEN/Sweaters/id_00004638/06_1_front.jpg,MEN/Sweaters/id_00004638/06_1_front.jpg,TRUE,FALSE
WOMEN/Pants/id_00002688/06_3_back.jpg,WOMEN/Pants/id_00002688/06_3_back.jpg,FALSE,FALSE
WOMEN/Blouses_Shirts/id_00006625/05_2_side.jpg,WOMEN/Blouses_Shirts/id_00006625/05_2_side.jpg,TRUE,FALSE
WOMEN/Shorts/id_00006025/02_2_side.jpg,WOMEN/Shorts/id_00006025/02_2_side.jpg,FALSE,FALSE
WOMEN/Tees_Tanks/id_00005849/02_1_front.jpg,WOMEN/Tees_Tanks/id_00005849/02_1_front.jpg,TRUE,FALSE
WOMEN/Dresses/id_00007640/01_2_side.jpg,WOMEN/Dresses/id_00007640/01_2_side.jpg,TRUE,FALSE
WOMEN/Tees_Tanks/id_00002523/09_2_side.jpg,WOMEN/Tees_Tanks/id_00002523/09_2_side.jpg,TRUE,FALSE
WOMEN/Graphic_Tees/id_00002404/01_3_back.jpg,WOMEN/Graphic_Tees/id_00002404/01_3_back.jpg,TRUE,FALSE
WOMEN/Tees_Tanks/id_00002187/04_4_full.jpg,WOMEN/Tees_Tanks/id_00002187/04_4_full.jpg,TRUE,FALSE
WOMEN/Tees_Tanks/id_00003590/03_7_additional.jpg,WOMEN/Tees_Tanks/id_00003590/03_7_additional.jpg,TRUE,TRUE
WOMEN/Rompers_Jumpsuits/id_00003307/01_7_additional.jpg,WOMEN/Rompers_Jumpsuits/id_00003307/01_7_additional.jpg,TRUE,FALSE
WOMEN/Pants/id_00003442/02_2_side.jpg,WOMEN/Pants/id_00003442/02_2_side.jpg,FALSE,FALSE
WOMEN/Cardigans/id_00001052/04_7_additional.jpg,WOMEN/Cardigans/id_00001052/04_7_additional.jpg,TRUE,TRUE
WOMEN/Jackets_Coats/id_00006460/01_1_front.jpg,WOMEN/Jackets_Coats/id_00006460/01_1_front.jpg,TRUE,FALSE
MEN/Pants/id_00001092/02_1_front.jpg,MEN/Pants/id_00001092/02_1_front.jpg,FALSE,FALSE
WOMEN/Shorts/id_00005829/09_1_front.jpg,WOMEN/Shorts/id_00005829/09_1_front.jpg,TRUE,FALSE
WOMEN/Tees_Tanks/id_00006583/02_1_front.jpg,WOMEN/Tees_Tanks/id_00006583/02_1_front.jpg,TRUE,FALSE
WOMEN/Skirts/id_00000699/03_7_additional.jpg,WOMEN/Skirts/id_00000699/03_7_additional.jpg,FALSE,FALSE
MEN/Shirts_Polos/id_00000632/01_3_back.jpg,MEN/Shirts_Polos/id_00000632/01_3_back.jpg,TRUE,FALSE
WOMEN/Tees_Tanks/id_00002732/07_2_side.jpg,WOMEN/Tees_Tanks/id_00002732/07_2_side.jpg,TRUE,FALSE
WOMEN/Blouses_Shirts/id_00003317/02_4_full.jpg,WOMEN/Blouses_Shirts/id_00003317/02_4_full.jpg,TRUE,TRUE
WOMEN/Dresses/id_00002229/02_7_additional.jpg,WOMEN/Dresses/id_00002229/02_7_additional.jpg,TRUE,TRUE
WOMEN/Sweaters/id_00004745/03_3_back.jpg,WOMEN/Sweaters/id_00004745/03_3_back.jpg,TRUE,FALSE
WOMEN/Shorts/id_00005736/06_3_back.jpg,WOMEN/Shorts/id_00005736/06_3_back.jpg,FALSE,FALSE
WOMEN/Dresses/id_00001363/04_1_front.jpg,WOMEN/Dresses/id_00001363/04_1_front.jpg,TRUE,FALSE
WOMEN/Dresses/id_00002529/03_7_additional.jpg,WOMEN/Dresses/id_00002529/03_7_additional.jpg,TRUE,TRUE
WOMEN/Shorts/id_00003809/01_3_back.jpg,WOMEN/Shorts/id_00003809/01_3_back.jpg,FALSE,FALSE
WOMEN/Pants/id_00007307/01_7_additional.jpg,WOMEN/Pants/id_00007307/01_7_additional.jpg,FALSE,FALSE
MEN/Pants/id_00000273/01_2_side.jpg,MEN/Pants/id_00000273/01_2_side.jpg,FALSE,FALSE
WOMEN/Skirts/id_00007250/04_7_additional.jpg,WOMEN/Skirts/id_00007250/04_7_additional.jpg,FALSE,FALSE
MEN/Tees_Tanks/id_00007301/09_3_back.jpg,MEN/Tees_Tanks/id_00007301/09_3_back.jpg,TRUE,FALSE
WOMEN/Dresses/id_00006795/02_2_side.jpg,WOMEN/Dresses/id_00006795/02_2_side.jpg,TRUE,FALSE
WOMEN/Tees_Tanks/id_00002678/50_2_side.jpg,WOMEN/Tees_Tanks/id_00002678/50_2_side.jpg,TRUE,FALSE
WOMEN/Rompers_Jumpsuits/id_00006438/02_7_additional.jpg,WOMEN/Rompers_Jumpsuits/id_00006438/02_7_additional.jpg,TRUE,FALSE
WOMEN/Dresses/id_00002631/04_3_back.jpg,WOMEN/Dresses/id_00002631/04_3_back.jpg,TRUE,FALSE
WOMEN/Skirts/id_00003183/05_2_side.jpg,WOMEN/Skirts/id_00003183/05_2_side.jpg,FALSE,FALSE
WOMEN/Rompers_Jumpsuits/id_00003520/02_2_side.jpg,WOMEN/Rompers_Jumpsuits/id_00003520/02_2_side.jpg,TRUE,TRUE
WOMEN/Dresses/id_00004227/03_4_full.jpg,WOMEN/Dresses/id_00004227/03_4_full.jpg,TRUE,TRUE
MEN/Tees_Tanks/id_00007553/04_7_additional.jpg,MEN/Tees_Tanks/id_00007553/04_7_additional.jpg,TRUE,TRUE
WOMEN/Sweatshirts_Hoodies/id_00001992/01_3_back.jpg,WOMEN/Sweatshirts_Hoodies/id_00001992/01_3_back.jpg,TRUE,FALSE
MEN/Shirts_Polos/id_00006055/01_4_full.jpg,MEN/Shirts_Polos/id_00006055/01_4_full.jpg,TRUE,TRUE
WOMEN/Tees_Tanks/id_00007122/02_1_front.jpg,WOMEN/Tees_Tanks/id_00007122/02_1_front.jpg,TRUE,FALSE
WOMEN/Dresses/id_00001192/10_7_additional.jpg,WOMEN/Dresses/id_00001192/10_7_additional.jpg,TRUE,TRUE
WOMEN/Dresses/id_00007844/02_7_additional.jpg,WOMEN/Dresses/id_00007844/02_7_additional.jpg,TRUE,FALSE
WOMEN/Dresses/id_00002743/03_7_additional.jpg,WOMEN/Dresses/id_00002743/03_7_additional.jpg,FALSE,FALSE
WOMEN/Sweaters/id_00002522/02_1_front.jpg,WOMEN/Sweaters/id_00002522/02_1_front.jpg,TRUE,FALSE
WOMEN/Tees_Tanks/id_00003862/04_7_additional.jpg,WOMEN/Tees_Tanks/id_00003862/04_7_additional.jpg,TRUE,FALSE
WOMEN/Pants/id_00006594/01_7_additional.jpg,WOMEN/Pants/id_00006594/01_7_additional.jpg,FALSE,FALSE
WOMEN/Sweaters/id_00002793/02_1_front.jpg,WOMEN/Sweaters/id_00002793/02_1_front.jpg,TRUE,TRUE
WOMEN/Blouses_Shirts/id_00001196/03_3_back.jpg,WOMEN/Blouses_Shirts/id_00001196/03_3_back.jpg,TRUE,FALSE
WOMEN/Skirts/id_00000743/04_2_side.jpg,WOMEN/Skirts/id_00000743/04_2_side.jpg,FALSE,FALSE
WOMEN/Blouses_Shirts/id_00003626/02_1_front.jpg,WOMEN/Blouses_Shirts/id_00003626/02_1_front.jpg,TRUE,FALSE
WOMEN/Tees_Tanks/id_00000032/03_3_back.jpg,WOMEN/Tees_Tanks/id_00000032/03_3_back.jpg,TRUE,FALSE
WOMEN/Blouses_Shirts/id_00007960/01_1_front.jpg,WOMEN/Blouses_Shirts/id_00007960/01_1_front.jpg,TRUE,FALSE
MEN/Sweatshirts_Hoodies/id_00002977/01_1_front.jpg,MEN/Sweatshirts_Hoodies/id_00002977/01_1_front.jpg,TRUE,FALSE
WOMEN/Shorts/id_00006433/01_1_front.jpg,WOMEN/Shorts/id_00006433/01_1_front.jpg,TRUE,FALSE
WOMEN/Blouses_Shirts/id_00003054/02_3_back.jpg,WOMEN/Blouses_Shirts/id_00003054/02_3_back.jpg,TRUE,FALSE
WOMEN/Shorts/id_00005498/04_1_front.jpg,WOMEN/Shorts/id_00005498/04_1_front.jpg,TRUE,FALSE
WOMEN/Sweaters/id_00003190/05_2_side.jpg,WOMEN/Sweaters/id_00003190/05_2_side.jpg,TRUE,FALSE
WOMEN/Dresses/id_00007861/02_3_back.jpg,WOMEN/Dresses/id_00007861/02_3_back.jpg,TRUE,FALSE
WOMEN/Blouses_Shirts/id_00002558/03_1_front.jpg,WOMEN/Blouses_Shirts/id_00002558/03_1_front.jpg,TRUE,FALSE
MEN/Sweaters/id_00004076/01_7_additional.jpg,MEN/Sweaters/id_00004076/01_7_additional.jpg,TRUE,TRUE
WOMEN/Dresses/id_00006993/03_1_front.jpg,WOMEN/Dresses/id_00006993/03_1_front.jpg,TRUE,TRUE
WOMEN/Dresses/id_00000277/09_1_front.jpg,WOMEN/Dresses/id_00000277/09_1_front.jpg,TRUE,TRUE
WOMEN/Tees_Tanks/id_00000112/06_3_back.jpg,WOMEN/Tees_Tanks/id_00000112/06_3_back.jpg,TRUE,FALSE
WOMEN/Jackets_Coats/id_00003445/03_1_front.jpg,WOMEN/Jackets_Coats/id_00003445/03_1_front.jpg,TRUE,TRUE
WOMEN/Tees_Tanks/id_00005700/03_2_side.jpg,WOMEN/Tees_Tanks/id_00005700/03_2_side.jpg,TRUE,FALSE
WOMEN/Tees_Tanks/id_00006581/11_2_side.jpg,WOMEN/Tees_Tanks/id_00006581/11_2_side.jpg,TRUE,FALSE
WOMEN/Blouses_Shirts/id_00007303/01_1_front.jpg,WOMEN/Blouses_Shirts/id_00007303/01_1_front.jpg,TRUE,FALSE
WOMEN/Skirts/id_00001547/06_3_back.jpg,WOMEN/Skirts/id_00001547/06_3_back.jpg,FALSE,FALSE
WOMEN/Tees_Tanks/id_00002162/61_2_side.jpg,WOMEN/Tees_Tanks/id_00002162/61_2_side.jpg,TRUE,FALSE
WOMEN/Dresses/id_00006294/01_1_front.jpg,WOMEN/Dresses/id_00006294/01_1_front.jpg,TRUE,FALSE
WOMEN/Dresses/id_00000127/01_2_side.jpg,WOMEN/Dresses/id_00000127/01_2_side.jpg,TRUE,TRUE
MEN/Pants/id_00007146/06_1_front.jpg,MEN/Pants/id_00007146/06_1_front.jpg,TRUE,TRUE
MEN/Tees_Tanks/id_00005013/01_1_front.jpg,MEN/Tees_Tanks/id_00005013/01_1_front.jpg,TRUE,FALSE
WOMEN/Tees_Tanks/id_00001212/18_3_back.jpg,WOMEN/Tees_Tanks/id_00001212/18_3_back.jpg,TRUE,FALSE
WOMEN/Dresses/id_00007641/01_3_back.jpg,WOMEN/Dresses/id_00007641/01_3_back.jpg,TRUE,TRUE
WOMEN/Shorts/id_00002197/03_4_full.jpg,WOMEN/Shorts/id_00002197/03_4_full.jpg,TRUE,TRUE
WOMEN/Tees_Tanks/id_00004726/01_1_front.jpg,WOMEN/Tees_Tanks/id_00004726/01_1_front.jpg,TRUE,FALSE
WOMEN/Skirts/id_00007352/03_3_back.jpg,WOMEN/Skirts/id_00007352/03_3_back.jpg,TRUE,FALSE
WOMEN/Tees_Tanks/id_00002288/01_2_side.jpg,WOMEN/Tees_Tanks/id_00002288/01_2_side.jpg,TRUE,FALSE
MEN/Denim/id_00001198/01_1_front.jpg,MEN/Denim/id_00001198/01_1_front.jpg,FALSE,FALSE
WOMEN/Sweatshirts_Hoodies/id_00001249/13_4_full.jpg,WOMEN/Sweatshirts_Hoodies/id_00001249/13_4_full.jpg,TRUE,TRUE
WOMEN/Rompers_Jumpsuits/id_00000828/02_3_back.jpg,WOMEN/Rompers_Jumpsuits/id_00000828/02_3_back.jpg,TRUE,TRUE
MEN/Shorts/id_00006829/01_2_side.jpg,MEN/Shorts/id_00006829/01_2_side.jpg,FALSE,FALSE
WOMEN/Blouses_Shirts/id_00001020/02_7_additional.jpg,WOMEN/Blouses_Shirts/id_00001020/02_7_additional.jpg,TRUE,FALSE
WOMEN/Blouses_Shirts/id_00005723/01_1_front.jpg,WOMEN/Blouses_Shirts/id_00005723/01_1_front.jpg,TRUE,FALSE
WOMEN/Skirts/id_00004719/05_3_back.jpg,WOMEN/Skirts/id_00004719/05_3_back.jpg,FALSE,FALSE
WOMEN/Graphic_Tees/id_00001470/01_7_additional.jpg,WOMEN/Graphic_Tees/id_00001470/01_7_additional.jpg,FALSE,FALSE
WOMEN/Tees_Tanks/id_00004104/02_4_full.jpg,WOMEN/Tees_Tanks/id_00004104/02_4_full.jpg,TRUE,TRUE
WOMEN/Blouses_Shirts/id_00005476/01_1_front.jpg,WOMEN/Blouses_Shirts/id_00005476/01_1_front.jpg,TRUE,FALSE
WOMEN/Dresses/id_00000700/01_1_front.jpg,WOMEN/Dresses/id_00000700/01_1_front.jpg,TRUE,FALSE
WOMEN/Shorts/id_00007656/02_4_full.jpg,WOMEN/Shorts/id_00007656/02_4_full.jpg,TRUE,TRUE
WOMEN/Graphic_Tees/id_00004901/01_3_back.jpg,WOMEN/Graphic_Tees/id_00004901/01_3_back.jpg,TRUE,FALSE
WOMEN/Tees_Tanks/id_00000295/04_7_additional.jpg,WOMEN/Tees_Tanks/id_00000295/04_7_additional.jpg,TRUE,FALSE
MEN/Sweaters/id_00000078/04_1_front.jpg,MEN/Sweaters/id_00000078/04_1_front.jpg,TRUE,FALSE
WOMEN/Blouses_Shirts/id_00004723/02_2_side.jpg,WOMEN/Blouses_Shirts/id_00004723/02_2_side.jpg,TRUE,FALSE
WOMEN/Dresses/id_00003556/07_1_front.jpg,WOMEN/Dresses/id_00003556/07_1_front.jpg,TRUE,FALSE
WOMEN/Blouses_Shirts/id_00007529/03_2_side.jpg,WOMEN/Blouses_Shirts/id_00007529/03_2_side.jpg,TRUE,FALSE
WOMEN/Leggings/id_00002985/02_1_front.jpg,WOMEN/Leggings/id_00002985/02_1_front.jpg,TRUE,TRUE
MEN/Sweaters/id_00001509/02_7_additional.jpg,MEN/Sweaters/id_00001509/02_7_additional.jpg,FALSE,FALSE
MEN/Jackets_Vests/id_00000094/02_2_side.jpg,MEN/Jackets_Vests/id_00000094/02_2_side.jpg,TRUE,FALSE
MEN/Tees_Tanks/id_00007319/03_2_side.jpg,MEN/Tees_Tanks/id_00007319/03_2_side.jpg,TRUE,FALSE
WOMEN/Blouses_Shirts/id_00002748/03_7_additional.jpg,WOMEN/Blouses_Shirts/id_00002748/03_7_additional.jpg,TRUE,FALSE
WOMEN/Tees_Tanks/id_00004330/05_7_additional.jpg,WOMEN/Tees_Tanks/id_00004330/05_7_additional.jpg,TRUE,FALSE
WOMEN/Jackets_Coats/id_00005167/05_4_full.jpg,WOMEN/Jackets_Coats/id_00005167/05_4_full.jpg,TRUE,TRUE
WOMEN/Blouses_Shirts/id_00001035/01_1_front.jpg,WOMEN/Blouses_Shirts/id_00001035/01_1_front.jpg,TRUE,FALSE
WOMEN/Blouses_Shirts/id_00003525/02_2_side.jpg,WOMEN/Blouses_Shirts/id_00003525/02_2_side.jpg,TRUE,FALSE
WOMEN/Tees_Tanks/id_00001384/09_7_additional.jpg,WOMEN/Tees_Tanks/id_00001384/09_7_additional.jpg,TRUE,FALSE
WOMEN/Shorts/id_00002314/01_7_additional.jpg,WOMEN/Shorts/id_00002314/01_7_additional.jpg,FALSE,FALSE
WOMEN/Pants/id_00005974/01_7_additional.jpg,WOMEN/Pants/id_00005974/01_7_additional.jpg,FALSE,FALSE
WOMEN/Dresses/id_00006802/05_3_back.jpg,WOMEN/Dresses/id_00006802/05_3_back.jpg,TRUE,FALSE
WOMEN/Rompers_Jumpsuits/id_00004748/02_4_full.jpg,WOMEN/Rompers_Jumpsuits/id_00004748/02_4_full.jpg,TRUE,TRUE
WOMEN/Dresses/id_00005410/01_1_front.jpg,WOMEN/Dresses/id_00005410/01_1_front.jpg,TRUE,TRUE
WOMEN/Rompers_Jumpsuits/id_00001609/05_2_side.jpg,WOMEN/Rompers_Jumpsuits/id_00001609/05_2_side.jpg,TRUE,FALSE
WOMEN/Tees_Tanks/id_00003114/03_1_front.jpg,WOMEN/Tees_Tanks/id_00003114/03_1_front.jpg,TRUE,FALSE
WOMEN/Cardigans/id_00001627/06_2_side.jpg,WOMEN/Cardigans/id_00001627/06_2_side.jpg,TRUE,FALSE
WOMEN/Sweaters/id_00007801/01_3_back.jpg,WOMEN/Sweaters/id_00007801/01_3_back.jpg,TRUE,FALSE
WOMEN/Jackets_Coats/id_00003656/02_1_front.jpg,WOMEN/Jackets_Coats/id_00003656/02_1_front.jpg,TRUE,FALSE
WOMEN/Pants/id_00001647/03_3_back.jpg,WOMEN/Pants/id_00001647/03_3_back.jpg,FALSE,FALSE
WOMEN/Blouses_Shirts/id_00005356/01_7_additional.jpg,WOMEN/Blouses_Shirts/id_00005356/01_7_additional.jpg,TRUE,FALSE
WOMEN/Shorts/id_00005266/01_7_additional.jpg,WOMEN/Shorts/id_00005266/01_7_additional.jpg,FALSE,FALSE
MEN/Tees_Tanks/id_00001271/01_3_back.jpg,MEN/Tees_Tanks/id_00001271/01_3_back.jpg,TRUE,FALSE
WOMEN/Sweaters/id_00007694/06_1_front.jpg,WOMEN/Sweaters/id_00007694/06_1_front.jpg,TRUE,FALSE
MEN/Tees_Tanks/id_00002866/03_2_side.jpg,MEN/Tees_Tanks/id_00002866/03_2_side.jpg,TRUE,FALSE
WOMEN/Dresses/id_00002562/03_4_full.jpg,WOMEN/Dresses/id_00002562/03_4_full.jpg,TRUE,TRUE
WOMEN/Shorts/id_00007507/04_4_full.jpg,WOMEN/Shorts/id_00007507/04_4_full.jpg,TRUE,TRUE
MEN/Tees_Tanks/id_00003736/01_7_additional.jpg,MEN/Tees_Tanks/id_00003736/01_7_additional.jpg,TRUE,FALSE
WOMEN/Tees_Tanks/id_00002617/03_2_side.jpg,WOMEN/Tees_Tanks/id_00002617/03_2_side.jpg,TRUE,FALSE
WOMEN/Blouses_Shirts/id_00001018/05_3_back.jpg,WOMEN/Blouses_Shirts/id_00001018/05_3_back.jpg,TRUE,FALSE
WOMEN/Jackets_Coats/id_00002599/01_1_front.jpg,WOMEN/Jackets_Coats/id_00002599/01_1_front.jpg,TRUE,FALSE
WOMEN/Shorts/id_00005259/02_4_full.jpg,WOMEN/Shorts/id_00005259/02_4_full.jpg,FALSE,FALSE
WOMEN/Dresses/id_00001133/01_7_additional.jpg,WOMEN/Dresses/id_00001133/01_7_additional.jpg,TRUE,TRUE
WOMEN/Blouses_Shirts/id_00003779/02_3_back.jpg,WOMEN/Blouses_Shirts/id_00003779/02_3_back.jpg,TRUE,FALSE
WOMEN/Sweatshirts_Hoodies/id_00001702/01_1_front.jpg,WOMEN/Sweatshirts_Hoodies/id_00001702/01_1_front.jpg,TRUE,FALSE
WOMEN/Dresses/id_00007791/04_1_front.jpg,WOMEN/Dresses/id_00007791/04_1_front.jpg,TRUE,FALSE
MEN/Jackets_Vests/id_00000168/02_2_side.jpg,MEN/Jackets_Vests/id_00000168/02_2_side.jpg,TRUE,FALSE
WOMEN/Blouses_Shirts/id_00000984/02_1_front.jpg,WOMEN/Blouses_Shirts/id_00000984/02_1_front.jpg,TRUE,FALSE
WOMEN/Graphic_Tees/id_00001978/01_4_full.jpg,WOMEN/Graphic_Tees/id_00001978/01_4_full.jpg,TRUE,TRUE
WOMEN/Pants/id_00007963/02_7_additional.jpg,WOMEN/Pants/id_00007963/02_7_additional.jpg,FALSE,FALSE
WOMEN/Blouses_Shirts/id_00005909/03_7_additional.jpg,WOMEN/Blouses_Shirts/id_00005909/03_7_additional.jpg,FALSE,FALSE
WOMEN/Tees_Tanks/id_00001801/14_2_side.jpg,WOMEN/Tees_Tanks/id_00001801/14_2_side.jpg,TRUE,FALSE
WOMEN/Tees_Tanks/id_00003687/17_2_side.jpg,WOMEN/Tees_Tanks/id_00003687/17_2_side.jpg,TRUE,FALSE
WOMEN/Dresses/id_00004577/02_7_additional.jpg,WOMEN/Dresses/id_00004577/02_7_additional.jpg,TRUE,FALSE
WOMEN/Cardigans/id_00002255/02_2_side.jpg,WOMEN/Cardigans/id_00002255/02_2_side.jpg,TRUE,TRUE
MEN/Denim/id_00005447/01_2_side.jpg,MEN/Denim/id_00005447/01_2_side.jpg,FALSE,FALSE
WOMEN/Dresses/id_00001124/04_1_front.jpg,WOMEN/Dresses/id_00001124/04_1_front.jpg,TRUE,FALSE
WOMEN/Jackets_Coats/id_00007186/04_7_additional.jpg,WOMEN/Jackets_Coats/id_00007186/04_7_additional.jpg,TRUE,TRUE
WOMEN/Blouses_Shirts/id_00007552/03_3_back.jpg,WOMEN/Blouses_Shirts/id_00007552/03_3_back.jpg,TRUE,TRUE
WOMEN/Shorts/id_00000596/05_7_additional.jpg,WOMEN/Shorts/id_00000596/05_7_additional.jpg,FALSE,FALSE
MEN/Pants/id_00002047/01_2_side.jpg,MEN/Pants/id_00002047/01_2_side.jpg,FALSE,FALSE
WOMEN/Sweatshirts_Hoodies/id_00007908/01_7_additional.jpg,WOMEN/Sweatshirts_Hoodies/id_00007908/01_7_additional.jpg,TRUE,FALSE
WOMEN/Blouses_Shirts/id_00003602/03_4_full.jpg,WOMEN/Blouses_Shirts/id_00003602/03_4_full.jpg,TRUE,FALSE
WOMEN/Skirts/id_00005949/06_2_side.jpg,WOMEN/Skirts/id_00005949/06_2_side.jpg,FALSE,FALSE
WOMEN/Rompers_Jumpsuits/id_00001648/02_2_side.jpg,WOMEN/Rompers_Jumpsuits/id_00001648/02_2_side.jpg,TRUE,FALSE
WOMEN/Shorts/id_00007617/01_7_additional.jpg,WOMEN/Shorts/id_00007617/01_7_additional.jpg,FALSE,FALSE
WOMEN/Tees_Tanks/id_00005501/02_2_side.jpg,WOMEN/Tees_Tanks/id_00005501/02_2_side.jpg,TRUE,FALSE
WOMEN/Blouses_Shirts/id_00002366/01_1_front.jpg,WOMEN/Blouses_Shirts/id_00002366/01_1_front.jpg,TRUE,FALSE
WOMEN/Tees_Tanks/id_00004909/02_7_additional.jpg,WOMEN/Tees_Tanks/id_00004909/02_7_additional.jpg,FALSE,FALSE
WOMEN/Tees_Tanks/id_00006602/01_3_back.jpg,WOMEN/Tees_Tanks/id_00006602/01_3_back.jpg,TRUE,FALSE
WOMEN/Sweaters/id_00006483/07_2_side.jpg,WOMEN/Sweaters/id_00006483/07_2_side.jpg,TRUE,FALSE
WOMEN/Jackets_Coats/id_00000435/02_4_full.jpg,WOMEN/Jackets_Coats/id_00000435/02_4_full.jpg,TRUE,FALSE
WOMEN/Blouses_Shirts/id_00006146/01_2_side.jpg,WOMEN/Blouses_Shirts/id_00006146/01_2_side.jpg,TRUE,FALSE
WOMEN/Tees_Tanks/id_00001512/05_3_back.jpg,WOMEN/Tees_Tanks/id_00001512/05_3_back.jpg,TRUE,FALSE
WOMEN/Blouses_Shirts/id_00001079/05_7_additional.jpg,WOMEN/Blouses_Shirts/id_00001079/05_7_additional.jpg,TRUE,FALSE
WOMEN/Shorts/id_00005999/04_4_full.jpg,WOMEN/Shorts/id_00005999/04_4_full.jpg,TRUE,TRUE
WOMEN/Dresses/id_00000087/02_3_back.jpg,WOMEN/Dresses/id_00000087/02_3_back.jpg,TRUE,FALSE
WOMEN/Tees_Tanks/id_00007914/03_1_front.jpg,WOMEN/Tees_Tanks/id_00007914/03_1_front.jpg,TRUE,FALSE
WOMEN/Skirts/id_00005949/05_7_additional.jpg,WOMEN/Skirts/id_00005949/05_7_additional.jpg,FALSE,FALSE
WOMEN/Blouses_Shirts/id_00001722/08_1_front.jpg,WOMEN/Blouses_Shirts/id_00001722/08_1_front.jpg,TRUE,FALSE
WOMEN/Tees_Tanks/id_00003268/15_3_back.jpg,WOMEN/Tees_Tanks/id_00003268/15_3_back.jpg,TRUE,FALSE
WOMEN/Jackets_Coats/id_00003656/02_3_back.jpg,WOMEN/Jackets_Coats/id_00003656/02_3_back.jpg,TRUE,FALSE
WOMEN/Tees_Tanks/id_00001028/01_3_back.jpg,WOMEN/Tees_Tanks/id_00001028/01_3_back.jpg,TRUE,FALSE
WOMEN/Tees_Tanks/id_00006583/02_7_additional.jpg,WOMEN/Tees_Tanks/id_00006583/02_7_additional.jpg,TRUE,TRUE
WOMEN/Dresses/id_00002510/04_3_back.jpg,WOMEN/Dresses/id_00002510/04_3_back.jpg,TRUE,FALSE
WOMEN/Tees_Tanks/id_00001835/05_2_side.jpg,WOMEN/Tees_Tanks/id_00001835/05_2_side.jpg,TRUE,FALSE
WOMEN/Tees_Tanks/id_00001010/01_7_additional.jpg,WOMEN/Tees_Tanks/id_00001010/01_7_additional.jpg,FALSE,FALSE
WOMEN/Dresses/id_00006168/07_3_back.jpg,WOMEN/Dresses/id_00006168/07_3_back.jpg,TRUE,FALSE
WOMEN/Tees_Tanks/id_00002948/02_2_side.jpg,WOMEN/Tees_Tanks/id_00002948/02_2_side.jpg,TRUE,FALSE
WOMEN/Blouses_Shirts/id_00004688/07_7_additional.jpg,WOMEN/Blouses_Shirts/id_00004688/07_7_additional.jpg,TRUE,FALSE
WOMEN/Tees_Tanks/id_00004560/06_3_back.jpg,WOMEN/Tees_Tanks/id_00004560/06_3_back.jpg,TRUE,FALSE
WOMEN/Dresses/id_00007876/03_1_front.jpg,WOMEN/Dresses/id_00007876/03_1_front.jpg,TRUE,FALSE
WOMEN/Blouses_Shirts/id_00007067/01_1_front.jpg,WOMEN/Blouses_Shirts/id_00007067/01_1_front.jpg,TRUE,FALSE
WOMEN/Jackets_Coats/id_00005019/03_2_side.jpg,WOMEN/Jackets_Coats/id_00005019/03_2_side.jpg,TRUE,FALSE
WOMEN/Tees_Tanks/id_00003119/01_1_front.jpg,WOMEN/Tees_Tanks/id_00003119/01_1_front.jpg,TRUE,TRUE
WOMEN/Jackets_Coats/id_00006364/01_3_back.jpg,WOMEN/Jackets_Coats/id_00006364/01_3_back.jpg,TRUE,FALSE
MEN/Tees_Tanks/id_00004698/10_7_additional.jpg,MEN/Tees_Tanks/id_00004698/10_7_additional.jpg,TRUE,FALSE
WOMEN/Blouses_Shirts/id_00003900/05_3_back.jpg,WOMEN/Blouses_Shirts/id_00003900/05_3_back.jpg,TRUE,FALSE
WOMEN/Dresses/id_00002993/04_2_side.jpg,WOMEN/Dresses/id_00002993/04_2_side.jpg,TRUE,FALSE
WOMEN/Blouses_Shirts/id_00002153/01_3_back.jpg,WOMEN/Blouses_Shirts/id_00002153/01_3_back.jpg,TRUE,FALSE
WOMEN/Skirts/id_00007352/02_3_back.jpg,WOMEN/Skirts/id_00007352/02_3_back.jpg,TRUE,FALSE
WOMEN/Blouses_Shirts/id_00003758/01_1_front.jpg,WOMEN/Blouses_Shirts/id_00003758/01_1_front.jpg,TRUE,FALSE
WOMEN/Shorts/id_00003305/10_4_full.jpg,WOMEN/Shorts/id_00003305/10_4_full.jpg,TRUE,TRUE
WOMEN/Blouses_Shirts/id_00007851/01_4_full.jpg,WOMEN/Blouses_Shirts/id_00007851/01_4_full.jpg,TRUE,TRUE
WOMEN/Tees_Tanks/id_00001801/03_2_side.jpg,WOMEN/Tees_Tanks/id_00001801/03_2_side.jpg,TRUE,FALSE
WOMEN/Cardigans/id_00000450/03_2_side.jpg,WOMEN/Cardigans/id_00000450/03_2_side.jpg,TRUE,FALSE
WOMEN/Denim/id_00000624/02_2_side.jpg,WOMEN/Denim/id_00000624/02_2_side.jpg,FALSE,FALSE
WOMEN/Jackets_Coats/id_00006967/01_7_additional.jpg,WOMEN/Jackets_Coats/id_00006967/01_7_additional.jpg,TRUE,TRUE
WOMEN/Tees_Tanks/id_00006242/24_2_side.jpg,WOMEN/Tees_Tanks/id_00006242/24_2_side.jpg,TRUE,FALSE
MEN/Tees_Tanks/id_00007301/10_1_front.jpg,MEN/Tees_Tanks/id_00007301/10_1_front.jpg,TRUE,TRUE
WOMEN/Tees_Tanks/id_00003888/02_3_back.jpg,WOMEN/Tees_Tanks/id_00003888/02_3_back.jpg,TRUE,TRUE
WOMEN/Dresses/id_00007252/04_3_back.jpg,WOMEN/Dresses/id_00007252/04_3_back.jpg,TRUE,FALSE
WOMEN/Pants/id_00000734/02_7_additional.jpg,WOMEN/Pants/id_00000734/02_7_additional.jpg,FALSE,FALSE
WOMEN/Sweaters/id_00003466/10_7_additional.jpg,WOMEN/Sweaters/id_00003466/10_7_additional.jpg,FALSE,FALSE
WOMEN/Tees_Tanks/id_00003523/22_1_front.jpg,WOMEN/Tees_Tanks/id_00003523/22_1_front.jpg,TRUE,FALSE
WOMEN/Sweaters/id_00000840/04_2_side.jpg,WOMEN/Sweaters/id_00000840/04_2_side.jpg,TRUE,FALSE
WOMEN/Rompers_Jumpsuits/id_00006848/03_1_front.jpg,WOMEN/Rompers_Jumpsuits/id_00006848/03_1_front.jpg,TRUE,FALSE
WOMEN/Pants/id_00002213/02_1_front.jpg,WOMEN/Pants/id_00002213/02_1_front.jpg,TRUE,TRUE
WOMEN/Shorts/id_00006825/04_7_additional.jpg,WOMEN/Shorts/id_00006825/04_7_additional.jpg,FALSE,FALSE
WOMEN/Rompers_Jumpsuits/id_00000828/03_1_front.jpg,WOMEN/Rompers_Jumpsuits/id_00000828/03_1_front.jpg,TRUE,TRUE
WOMEN/Rompers_Jumpsuits/id_00003965/05_2_side.jpg,WOMEN/Rompers_Jumpsuits/id_00003965/05_2_side.jpg,TRUE,FALSE
WOMEN/Tees_Tanks/id_00000117/12_3_back.jpg,WOMEN/Tees_Tanks/id_00000117/12_3_back.jpg,TRUE,FALSE
WOMEN/Tees_Tanks/id_00004601/01_2_side.jpg,WOMEN/Tees_Tanks/id_00004601/01_2_side.jpg,TRUE,FALSE
WOMEN/Blouses_Shirts/id_00005162/01_2_side.jpg,WOMEN/Blouses_Shirts/id_00005162/01_2_side.jpg,TRUE,FALSE
WOMEN/Jackets_Coats/id_00004422/01_7_additional.jpg,WOMEN/Jackets_Coats/id_00004422/01_7_additional.jpg,TRUE,FALSE
WOMEN/Dresses/id_00003289/02_2_side.jpg,WOMEN/Dresses/id_00003289/02_2_side.jpg,TRUE,FALSE
WOMEN/Dresses/id_00007797/02_1_front.jpg,WOMEN/Dresses/id_00007797/02_1_front.jpg,TRUE,FALSE
WOMEN/Sweatshirts_Hoodies/id_00003798/02_7_additional.jpg,WOMEN/Sweatshirts_Hoodies/id_00003798/02_7_additional.jpg,TRUE,FALSE
WOMEN/Blouses_Shirts/id_00000232/02_2_side.jpg,WOMEN/Blouses_Shirts/id_00000232/02_2_side.jpg,TRUE,FALSE
WOMEN/Pants/id_00003983/02_3_back.jpg,WOMEN/Pants/id_00003983/02_3_back.jpg,FALSE,FALSE
WOMEN/Tees_Tanks/id_00003523/37_3_back.jpg,WOMEN/Tees_Tanks/id_00003523/37_3_back.jpg,TRUE,FALSE
MEN/Tees_Tanks/id_00005955/07_2_side.jpg,MEN/Tees_Tanks/id_00005955/07_2_side.jpg,TRUE,FALSE
WOMEN/Cardigans/id_00000485/03_1_front.jpg,WOMEN/Cardigans/id_00000485/03_1_front.jpg,TRUE,TRUE
WOMEN/Dresses/id_00006704/05_3_back.jpg,WOMEN/Dresses/id_00006704/05_3_back.jpg,TRUE,FALSE
MEN/Tees_Tanks/id_00007224/12_2_side.jpg,MEN/Tees_Tanks/id_00007224/12_2_side.jpg,TRUE,FALSE
MEN/Tees_Tanks/id_00000511/01_2_side.jpg,MEN/Tees_Tanks/id_00000511/01_2_side.jpg,TRUE,FALSE
WOMEN/Dresses/id_00001439/05_2_side.jpg,WOMEN/Dresses/id_00001439/05_2_side.jpg,TRUE,FALSE
WOMEN/Shorts/id_00000144/02_4_full.jpg,WOMEN/Shorts/id_00000144/02_4_full.jpg,TRUE,TRUE
WOMEN/Tees_Tanks/id_00002258/04_3_back.jpg,WOMEN/Tees_Tanks/id_00002258/04_3_back.jpg,TRUE,FALSE
WOMEN/Shorts/id_00003936/01_7_additional.jpg,WOMEN/Shorts/id_00003936/01_7_additional.jpg,FALSE,FALSE
WOMEN/Jackets_Coats/id_00001069/02_4_full.jpg,WOMEN/Jackets_Coats/id_00001069/02_4_full.jpg,TRUE,TRUE
MEN/Tees_Tanks/id_00002692/10_7_additional.jpg,MEN/Tees_Tanks/id_00002692/10_7_additional.jpg,TRUE,FALSE
WOMEN/Tees_Tanks/id_00007962/05_7_additional.jpg,WOMEN/Tees_Tanks/id_00007962/05_7_additional.jpg,TRUE,TRUE
WOMEN/Tees_Tanks/id_00000142/01_3_back.jpg,WOMEN/Tees_Tanks/id_00000142/01_3_back.jpg,TRUE,FALSE
WOMEN/Sweaters/id_00006768/06_2_side.jpg,WOMEN/Sweaters/id_00006768/06_2_side.jpg,TRUE,FALSE
MEN/Pants/id_00005213/02_4_full.jpg,MEN/Pants/id_00005213/02_4_full.jpg,TRUE,TRUE
WOMEN/Tees_Tanks/id_00006227/04_4_full.jpg,WOMEN/Tees_Tanks/id_00006227/04_4_full.jpg,TRUE,TRUE
MEN/Shorts/id_00004629/04_3_back.jpg,MEN/Shorts/id_00004629/04_3_back.jpg,FALSE,FALSE
WOMEN/Sweatshirts_Hoodies/id_00005101/01_1_front.jpg,WOMEN/Sweatshirts_Hoodies/id_00005101/01_1_front.jpg,TRUE,FALSE
WOMEN/Sweaters/id_00005271/02_7_additional.jpg,WOMEN/Sweaters/id_00005271/02_7_additional.jpg,TRUE,TRUE
MEN/Tees_Tanks/id_00006357/01_7_additional.jpg,MEN/Tees_Tanks/id_00006357/01_7_additional.jpg,TRUE,FALSE
WOMEN/Tees_Tanks/id_00007382/01_2_side.jpg,WOMEN/Tees_Tanks/id_00007382/01_2_side.jpg,TRUE,FALSE
WOMEN/Blouses_Shirts/id_00007636/01_2_side.jpg,WOMEN/Blouses_Shirts/id_00007636/01_2_side.jpg,TRUE,FALSE
WOMEN/Tees_Tanks/id_00001785/02_7_additional.jpg,WOMEN/Tees_Tanks/id_00001785/02_7_additional.jpg,TRUE,FALSE
MEN/Pants/id_00006856/02_7_additional.jpg,MEN/Pants/id_00006856/02_7_additional.jpg,TRUE,TRUE
WOMEN/Tees_Tanks/id_00004349/04_1_front.jpg,WOMEN/Tees_Tanks/id_00004349/04_1_front.jpg,TRUE,FALSE
WOMEN/Skirts/id_00004114/01_4_full.jpg,WOMEN/Skirts/id_00004114/01_4_full.jpg,TRUE,TRUE
WOMEN/Rompers_Jumpsuits/id_00003690/02_7_additional.jpg,WOMEN/Rompers_Jumpsuits/id_00003690/02_7_additional.jpg,TRUE,FALSE
MEN/Shorts/id_00002435/02_2_side.jpg,MEN/Shorts/id_00002435/02_2_side.jpg,TRUE,FALSE
WOMEN/Blouses_Shirts/id_00005517/02_2_side.jpg,WOMEN/Blouses_Shirts/id_00005517/02_2_side.jpg,TRUE,FALSE
WOMEN/Shorts/id_00004829/05_3_back.jpg,WOMEN/Shorts/id_00004829/05_3_back.jpg,FALSE,FALSE
WOMEN/Cardigans/id_00000425/06_3_back.jpg,WOMEN/Cardigans/id_00000425/06_3_back.jpg,TRUE,FALSE
MEN/Tees_Tanks/id_00000100/01_1_front.jpg,MEN/Tees_Tanks/id_00000100/01_1_front.jpg,TRUE,FALSE
WOMEN/Blouses_Shirts/id_00001804/04_3_back.jpg,WOMEN/Blouses_Shirts/id_00001804/04_3_back.jpg,TRUE,FALSE
MEN/Denim/id_00000938/05_4_full.jpg,MEN/Denim/id_00000938/05_4_full.jpg,FALSE,FALSE
WOMEN/Graphic_Tees/id_00007919/01_2_side.jpg,WOMEN/Graphic_Tees/id_00007919/01_2_side.jpg,TRUE,FALSE
WOMEN/Cardigans/id_00003778/04_4_full.jpg,WOMEN/Cardigans/id_00003778/04_4_full.jpg,TRUE,TRUE
WOMEN/Jackets_Coats/id_00006460/02_2_side.jpg,WOMEN/Jackets_Coats/id_00006460/02_2_side.jpg,TRUE,FALSE
WOMEN/Dresses/id_00006721/04_2_side.jpg,WOMEN/Dresses/id_00006721/04_2_side.jpg,TRUE,TRUE
MEN/Shirts_Polos/id_00003136/02_2_side.jpg,MEN/Shirts_Polos/id_00003136/02_2_side.jpg,TRUE,FALSE
MEN/Tees_Tanks/id_00006634/02_4_full.jpg,MEN/Tees_Tanks/id_00006634/02_4_full.jpg,TRUE,TRUE
WOMEN/Tees_Tanks/id_00007185/01_2_side.jpg,WOMEN/Tees_Tanks/id_00007185/01_2_side.jpg,TRUE,FALSE
WOMEN/Rompers_Jumpsuits/id_00005681/03_3_back.jpg,WOMEN/Rompers_Jumpsuits/id_00005681/03_3_back.jpg,TRUE,TRUE
WOMEN/Tees_Tanks/id_00007779/05_7_additional.jpg,WOMEN/Tees_Tanks/id_00007779/05_7_additional.jpg,TRUE,TRUE
WOMEN/Skirts/id_00000557/02_3_back.jpg,WOMEN/Skirts/id_00000557/02_3_back.jpg,FALSE,FALSE
WOMEN/Blouses_Shirts/id_00000376/04_4_full.jpg,WOMEN/Blouses_Shirts/id_00000376/04_4_full.jpg,TRUE,TRUE
WOMEN/Dresses/id_00006788/01_7_additional.jpg,WOMEN/Dresses/id_00006788/01_7_additional.jpg,FALSE,FALSE
WOMEN/Dresses/id_00002001/02_3_back.jpg,WOMEN/Dresses/id_00002001/02_3_back.jpg,TRUE,TRUE
WOMEN/Pants/id_00005334/02_7_additional.jpg,WOMEN/Pants/id_00005334/02_7_additional.jpg,TRUE,TRUE
WOMEN/Jackets_Coats/id_00002604/02_3_back.jpg,WOMEN/Jackets_Coats/id_00002604/02_3_back.jpg,TRUE,FALSE
WOMEN/Blouses_Shirts/id_00006348/02_2_side.jpg,WOMEN/Blouses_Shirts/id_00006348/02_2_side.jpg,TRUE,FALSE
WOMEN/Tees_Tanks/id_00006727/05_2_side.jpg,WOMEN/Tees_Tanks/id_00006727/05_2_side.jpg,TRUE,FALSE
WOMEN/Jackets_Coats/id_00000698/02_4_full.jpg,WOMEN/Jackets_Coats/id_00000698/02_4_full.jpg,TRUE,TRUE
MEN/Tees_Tanks/id_00004046/01_3_back.jpg,MEN/Tees_Tanks/id_00004046/01_3_back.jpg,TRUE,FALSE
WOMEN/Shorts/id_00001337/02_4_full.jpg,WOMEN/Shorts/id_00001337/02_4_full.jpg,TRUE,TRUE
WOMEN/Jackets_Coats/id_00006819/02_7_additional.jpg,WOMEN/Jackets_Coats/id_00006819/02_7_additional.jpg,TRUE,TRUE
WOMEN/Blouses_Shirts/id_00000723/02_3_back.jpg,WOMEN/Blouses_Shirts/id_00000723/02_3_back.jpg,TRUE,FALSE
WOMEN/Skirts/id_00007549/02_1_front.jpg,WOMEN/Skirts/id_00007549/02_1_front.jpg,TRUE,TRUE
WOMEN/Skirts/id_00004922/02_4_full.jpg,WOMEN/Skirts/id_00004922/02_4_full.jpg,TRUE,TRUE
WOMEN/Jackets_Coats/id_00006538/02_1_front.jpg,WOMEN/Jackets_Coats/id_00006538/02_1_front.jpg,TRUE,FALSE
WOMEN/Tees_Tanks/id_00003629/04_2_side.jpg,WOMEN/Tees_Tanks/id_00003629/04_2_side.jpg,TRUE,FALSE
WOMEN/Skirts/id_00005635/12_2_side.jpg,WOMEN/Skirts/id_00005635/12_2_side.jpg,FALSE,FALSE
MEN/Tees_Tanks/id_00003458/01_2_side.jpg,MEN/Tees_Tanks/id_00003458/01_2_side.jpg,TRUE,FALSE
WOMEN/Skirts/id_00001558/13_1_front.jpg,WOMEN/Skirts/id_00001558/13_1_front.jpg,TRUE,FALSE
MEN/Tees_Tanks/id_00002866/06_1_front.jpg,MEN/Tees_Tanks/id_00002866/06_1_front.jpg,TRUE,FALSE
WOMEN/Tees_Tanks/id_00005623/02_2_side.jpg,WOMEN/Tees_Tanks/id_00005623/02_2_side.jpg,TRUE,FALSE
WOMEN/Blouses_Shirts/id_00001930/03_3_back.jpg,WOMEN/Blouses_Shirts/id_00001930/03_3_back.jpg,TRUE,FALSE
WOMEN/Blouses_Shirts/id_00003089/01_7_additional.jpg,WOMEN/Blouses_Shirts/id_00003089/01_7_additional.jpg,TRUE,FALSE
WOMEN/Dresses/id_00005746/04_1_front.jpg,WOMEN/Dresses/id_00005746/04_1_front.jpg,TRUE,TRUE
WOMEN/Tees_Tanks/id_00007665/03_2_side.jpg,WOMEN/Tees_Tanks/id_00007665/03_2_side.jpg,TRUE,FALSE
WOMEN/Pants/id_00003919/03_7_additional.jpg,WOMEN/Pants/id_00003919/03_7_additional.jpg,TRUE,TRUE
WOMEN/Tees_Tanks/id_00006633/01_2_side.jpg,WOMEN/Tees_Tanks/id_00006633/01_2_side.jpg,TRUE,FALSE
WOMEN/Shorts/id_00004731/06_7_additional.jpg,WOMEN/Shorts/id_00004731/06_7_additional.jpg,FALSE,FALSE
WOMEN/Jackets_Coats/id_00006928/02_1_front.jpg,WOMEN/Jackets_Coats/id_00006928/02_1_front.jpg,TRUE,FALSE
WOMEN/Cardigans/id_00002121/48_7_additional.jpg,WOMEN/Cardigans/id_00002121/48_7_additional.jpg,TRUE,FALSE
WOMEN/Sweaters/id_00001202/05_1_front.jpg,WOMEN/Sweaters/id_00001202/05_1_front.jpg,TRUE,FALSE
WOMEN/Shorts/id_00003309/02_7_additional.jpg,WOMEN/Shorts/id_00003309/02_7_additional.jpg,FALSE,FALSE
WOMEN/Tees_Tanks/id_00007862/03_1_front.jpg,WOMEN/Tees_Tanks/id_00007862/03_1_front.jpg,TRUE,FALSE
WOMEN/Skirts/id_00004427/01_2_side.jpg,WOMEN/Skirts/id_00004427/01_2_side.jpg,FALSE,FALSE
WOMEN/Sweatshirts_Hoodies/id_00002662/02_2_side.jpg,WOMEN/Sweatshirts_Hoodies/id_00002662/02_2_side.jpg,TRUE,FALSE
MEN/Shorts/id_00007442/04_1_front.jpg,MEN/Shorts/id_00007442/04_1_front.jpg,FALSE,FALSE
WOMEN/Blouses_Shirts/id_00005737/04_4_full.jpg,WOMEN/Blouses_Shirts/id_00005737/04_4_full.jpg,TRUE,TRUE
WOMEN/Tees_Tanks/id_00007796/02_2_side.jpg,WOMEN/Tees_Tanks/id_00007796/02_2_side.jpg,TRUE,FALSE
WOMEN/Dresses/id_00001914/03_7_additional.jpg,WOMEN/Dresses/id_00001914/03_7_additional.jpg,TRUE,FALSE
WOMEN/Shorts/id_00006120/03_7_additional.jpg,WOMEN/Shorts/id_00006120/03_7_additional.jpg,FALSE,FALSE
WOMEN/Skirts/id_00001558/04_1_front.jpg,WOMEN/Skirts/id_00001558/04_1_front.jpg,TRUE,FALSE
WOMEN/Dresses/id_00002471/02_7_additional.jpg,WOMEN/Dresses/id_00002471/02_7_additional.jpg,TRUE,TRUE
WOMEN/Cardigans/id_00000070/03_7_additional.jpg,WOMEN/Cardigans/id_00000070/03_7_additional.jpg,FALSE,FALSE
WOMEN/Tees_Tanks/id_00003710/02_2_side.jpg,WOMEN/Tees_Tanks/id_00003710/02_2_side.jpg,TRUE,FALSE
WOMEN/Blouses_Shirts/id_00001358/02_7_additional.jpg,WOMEN/Blouses_Shirts/id_00001358/02_7_additional.jpg,TRUE,FALSE
WOMEN/Blouses_Shirts/id_00006821/04_2_side.jpg,WOMEN/Blouses_Shirts/id_00006821/04_2_side.jpg,TRUE,FALSE
WOMEN/Blouses_Shirts/id_00007866/01_7_additional.jpg,WOMEN/Blouses_Shirts/id_00007866/01_7_additional.jpg,TRUE,TRUE
MEN/Denim/id_00000089/08_2_side.jpg,MEN/Denim/id_00000089/08_2_side.jpg,FALSE,FALSE
WOMEN/Tees_Tanks/id_00007320/02_7_additional.jpg,WOMEN/Tees_Tanks/id_00007320/02_7_additional.jpg,TRUE,FALSE
WOMEN/Pants/id_00002592/01_2_side.jpg,WOMEN/Pants/id_00002592/01_2_side.jpg,FALSE,FALSE
MEN/Shorts/id_00007539/01_3_back.jpg,MEN/Shorts/id_00007539/01_3_back.jpg,FALSE,FALSE
MEN/Sweaters/id_00002248/01_2_side.jpg,MEN/Sweaters/id_00002248/01_2_side.jpg,TRUE,FALSE
WOMEN/Tees_Tanks/id_00004215/01_3_back.jpg,WOMEN/Tees_Tanks/id_00004215/01_3_back.jpg,TRUE,FALSE
MEN/Sweatshirts_Hoodies/id_00000945/04_2_side.jpg,MEN/Sweatshirts_Hoodies/id_00000945/04_2_side.jpg,TRUE,FALSE
WOMEN/Tees_Tanks/id_00004160/03_2_side.jpg,WOMEN/Tees_Tanks/id_00004160/03_2_side.jpg,TRUE,FALSE
MEN/Shorts/id_00004249/09_7_additional.jpg,MEN/Shorts/id_00004249/09_7_additional.jpg,FALSE,FALSE
WOMEN/Tees_Tanks/id_00004002/12_1_front.jpg,WOMEN/Tees_Tanks/id_00004002/12_1_front.jpg,TRUE,TRUE
WOMEN/Blouses_Shirts/id_00001078/01_7_additional.jpg,WOMEN/Blouses_Shirts/id_00001078/01_7_additional.jpg,TRUE,TRUE
WOMEN/Sweaters/id_00005525/02_1_front.jpg,WOMEN/Sweaters/id_00005525/02_1_front.jpg,TRUE,FALSE
WOMEN/Graphic_Tees/id_00005456/01_1_front.jpg,WOMEN/Graphic_Tees/id_00005456/01_1_front.jpg,TRUE,FALSE
WOMEN/Shorts/id_00000522/01_7_additional.jpg,WOMEN/Shorts/id_00000522/01_7_additional.jpg,FALSE,FALSE
MEN/Shorts/id_00007887/02_1_front.jpg,MEN/Shorts/id_00007887/02_1_front.jpg,TRUE,TRUE
WOMEN/Blouses_Shirts/id_00000528/01_1_front.jpg,WOMEN/Blouses_Shirts/id_00000528/01_1_front.jpg,TRUE,FALSE
MEN/Tees_Tanks/id_00002310/07_3_back.jpg,MEN/Tees_Tanks/id_00002310/07_3_back.jpg,TRUE,FALSE
WOMEN/Dresses/id_00006824/01_3_back.jpg,WOMEN/Dresses/id_00006824/01_3_back.jpg,TRUE,FALSE
WOMEN/Blouses_Shirts/id_00004810/01_1_front.jpg,WOMEN/Blouses_Shirts/id_00004810/01_1_front.jpg,TRUE,FALSE
WOMEN/Sweaters/id_00003126/04_1_front.jpg,WOMEN/Sweaters/id_00003126/04_1_front.jpg,TRUE,FALSE
WOMEN/Sweatshirts_Hoodies/id_00005530/01_4_full.jpg,WOMEN/Sweatshirts_Hoodies/id_00005530/01_4_full.jpg,TRUE,TRUE
WOMEN/Skirts/id_00006203/02_3_back.jpg,WOMEN/Skirts/id_00006203/02_3_back.jpg,FALSE,FALSE
WOMEN/Sweaters/id_00003038/02_1_front.jpg,WOMEN/Sweaters/id_00003038/02_1_front.jpg,TRUE,FALSE
WOMEN/Dresses/id_00006855/04_1_front.jpg,WOMEN/Dresses/id_00006855/04_1_front.jpg,TRUE,FALSE
WOMEN/Tees_Tanks/id_00003204/01_7_additional.jpg,WOMEN/Tees_Tanks/id_00003204/01_7_additional.jpg,TRUE,TRUE
WOMEN/Dresses/id_00007194/08_2_side.jpg,WOMEN/Dresses/id_00007194/08_2_side.jpg,TRUE,FALSE
MEN/Tees_Tanks/id_00000390/16_3_back.jpg,MEN/Tees_Tanks/id_00000390/16_3_back.jpg,TRUE,FALSE
WOMEN/Tees_Tanks/id_00003687/01_2_side.jpg,WOMEN/Tees_Tanks/id_00003687/01_2_side.jpg,TRUE,FALSE
WOMEN/Tees_Tanks/id_00005479/06_4_full.jpg,WOMEN/Tees_Tanks/id_00005479/06_4_full.jpg,TRUE,TRUE
WOMEN/Dresses/id_00005054/06_2_side.jpg,WOMEN/Dresses/id_00005054/06_2_side.jpg,TRUE,FALSE
WOMEN/Blouses_Shirts/id_00001200/03_1_front.jpg,WOMEN/Blouses_Shirts/id_00001200/03_1_front.jpg,TRUE,FALSE
WOMEN/Tees_Tanks/id_00001212/13_4_full.jpg,WOMEN/Tees_Tanks/id_00001212/13_4_full.jpg,TRUE,TRUE
WOMEN/Dresses/id_00006997/02_7_additional.jpg,WOMEN/Dresses/id_00006997/02_7_additional.jpg,TRUE,TRUE
WOMEN/Rompers_Jumpsuits/id_00006848/02_1_front.jpg,WOMEN/Rompers_Jumpsuits/id_00006848/02_1_front.jpg,TRUE,FALSE
WOMEN/Tees_Tanks/id_00007923/03_3_back.jpg,WOMEN/Tees_Tanks/id_00007923/03_3_back.jpg,TRUE,FALSE
WOMEN/Skirts/id_00002296/01_1_front.jpg,WOMEN/Skirts/id_00002296/01_1_front.jpg,TRUE,FALSE
WOMEN/Sweaters/id_00001727/01_1_front.jpg,WOMEN/Sweaters/id_00001727/01_1_front.jpg,TRUE,FALSE
WOMEN/Skirts/id_00005635/06_2_side.jpg,WOMEN/Skirts/id_00005635/06_2_side.jpg,FALSE,FALSE
WOMEN/Tees_Tanks/id_00005699/01_2_side.jpg,WOMEN/Tees_Tanks/id_00005699/01_2_side.jpg,TRUE,FALSE
WOMEN/Rompers_Jumpsuits/id_00004340/03_1_front.jpg,WOMEN/Rompers_Jumpsuits/id_00004340/03_1_front.jpg,TRUE,TRUE
WOMEN/Cardigans/id_00001436/02_4_full.jpg,WOMEN/Cardigans/id_00001436/02_4_full.jpg,TRUE,TRUE
WOMEN/Tees_Tanks/id_00005328/03_1_front.jpg,WOMEN/Tees_Tanks/id_00005328/03_1_front.jpg,TRUE,FALSE
WOMEN/Tees_Tanks/id_00007838/03_1_front.jpg,WOMEN/Tees_Tanks/id_00007838/03_1_front.jpg,TRUE,FALSE
WOMEN/Dresses/id_00002993/03_2_side.jpg,WOMEN/Dresses/id_00002993/03_2_side.jpg,TRUE,FALSE
WOMEN/Dresses/id_00007086/01_1_front.jpg,WOMEN/Dresses/id_00007086/01_1_front.jpg,TRUE,TRUE
WOMEN/Blouses_Shirts/id_00006575/04_2_side.jpg,WOMEN/Blouses_Shirts/id_00006575/04_2_side.jpg,TRUE,FALSE
WOMEN/Blouses_Shirts/id_00004060/02_4_full.jpg,WOMEN/Blouses_Shirts/id_00004060/02_4_full.jpg,TRUE,TRUE
WOMEN/Tees_Tanks/id_00004899/02_1_front.jpg,WOMEN/Tees_Tanks/id_00004899/02_1_front.jpg,TRUE,FALSE
WOMEN/Tees_Tanks/id_00005504/02_7_additional.jpg,WOMEN/Tees_Tanks/id_00005504/02_7_additional.jpg,TRUE,FALSE
WOMEN/Skirts/id_00001797/06_4_full.jpg,WOMEN/Skirts/id_00001797/06_4_full.jpg,TRUE,TRUE
WOMEN/Graphic_Tees/id_00000205/01_7_additional.jpg,WOMEN/Graphic_Tees/id_00000205/01_7_additional.jpg,FALSE,FALSE
WOMEN/Blouses_Shirts/id_00003487/02_2_side.jpg,WOMEN/Blouses_Shirts/id_00003487/02_2_side.jpg,TRUE,FALSE
WOMEN/Blouses_Shirts/id_00001194/04_1_front.jpg,WOMEN/Blouses_Shirts/id_00001194/04_1_front.jpg,TRUE,FALSE
WOMEN/Pants/id_00000065/02_1_front.jpg,WOMEN/Pants/id_00000065/02_1_front.jpg,TRUE,TRUE
MEN/Sweaters/id_00001919/03_7_additional.jpg,MEN/Sweaters/id_00001919/03_7_additional.jpg,TRUE,FALSE
WOMEN/Skirts/id_00002967/01_1_front.jpg,WOMEN/Skirts/id_00002967/01_1_front.jpg,TRUE,TRUE
MEN/Jackets_Vests/id_00005346/01_1_front.jpg,MEN/Jackets_Vests/id_00005346/01_1_front.jpg,TRUE,FALSE
WOMEN/Blouses_Shirts/id_00005636/02_1_front.jpg,WOMEN/Blouses_Shirts/id_00005636/02_1_front.jpg,TRUE,FALSE
WOMEN/Jackets_Coats/id_00006337/02_1_front.jpg,WOMEN/Jackets_Coats/id_00006337/02_1_front.jpg,TRUE,FALSE
WOMEN/Tees_Tanks/id_00003967/09_1_front.jpg,WOMEN/Tees_Tanks/id_00003967/09_1_front.jpg,TRUE,FALSE
WOMEN/Tees_Tanks/id_00006738/03_7_additional.jpg,WOMEN/Tees_Tanks/id_00006738/03_7_additional.jpg,TRUE,FALSE
MEN/Pants/id_00006908/01_2_side.jpg,MEN/Pants/id_00006908/01_2_side.jpg,FALSE,FALSE
WOMEN/Tees_Tanks/id_00002201/08_2_side.jpg,WOMEN/Tees_Tanks/id_00002201/08_2_side.jpg,TRUE,FALSE
WOMEN/Tees_Tanks/id_00000696/02_4_full.jpg,WOMEN/Tees_Tanks/id_00000696/02_4_full.jpg,TRUE,TRUE
WOMEN/Dresses/id_00000178/02_1_front.jpg,WOMEN/Dresses/id_00000178/02_1_front.jpg,TRUE,FALSE
WOMEN/Sweaters/id_00001262/09_7_additional.jpg,WOMEN/Sweaters/id_00001262/09_7_additional.jpg,FALSE,FALSE
WOMEN/Dresses/id_00003390/02_2_side.jpg,WOMEN/Dresses/id_00003390/02_2_side.jpg,TRUE,FALSE
WOMEN/Shorts/id_00003195/08_3_back.jpg,WOMEN/Shorts/id_00003195/08_3_back.jpg,FALSE,FALSE
WOMEN/Rompers_Jumpsuits/id_00007978/04_1_front.jpg,WOMEN/Rompers_Jumpsuits/id_00007978/04_1_front.jpg,TRUE,TRUE
WOMEN/Blouses_Shirts/id_00004723/02_1_front.jpg,WOMEN/Blouses_Shirts/id_00004723/02_1_front.jpg,TRUE,FALSE
WOMEN/Blouses_Shirts/id_00002585/03_2_side.jpg,WOMEN/Blouses_Shirts/id_00002585/03_2_side.jpg,TRUE,FALSE
WOMEN/Tees_Tanks/id_00005782/05_2_side.jpg,WOMEN/Tees_Tanks/id_00005782/05_2_side.jpg,TRUE,FALSE
WOMEN/Tees_Tanks/id_00003384/02_1_front.jpg,WOMEN/Tees_Tanks/id_00003384/02_1_front.jpg,TRUE,TRUE
WOMEN/Shorts/id_00000805/01_4_full.jpg,WOMEN/Shorts/id_00000805/01_4_full.jpg,TRUE,TRUE
WOMEN/Dresses/id_00003548/02_7_additional.jpg,WOMEN/Dresses/id_00003548/02_7_additional.jpg,TRUE,FALSE
WOMEN/Sweaters/id_00006458/01_4_full.jpg,WOMEN/Sweaters/id_00006458/01_4_full.jpg,TRUE,TRUE
WOMEN/Tees_Tanks/id_00005536/04_1_front.jpg,WOMEN/Tees_Tanks/id_00005536/04_1_front.jpg,TRUE,FALSE
MEN/Pants/id_00005468/04_3_back.jpg,MEN/Pants/id_00005468/04_3_back.jpg,FALSE,FALSE
WOMEN/Tees_Tanks/id_00000330/04_7_additional.jpg,WOMEN/Tees_Tanks/id_00000330/04_7_additional.jpg,TRUE,TRUE
WOMEN/Dresses/id_00006324/02_7_additional.jpg,WOMEN/Dresses/id_00006324/02_7_additional.jpg,TRUE,FALSE
WOMEN/Sweatshirts_Hoodies/id_00001773/03_7_additional.jpg,WOMEN/Sweatshirts_Hoodies/id_00001773/03_7_additional.jpg,TRUE,TRUE
WOMEN/Shorts/id_00007576/01_3_back.jpg,WOMEN/Shorts/id_00007576/01_3_back.jpg,FALSE,FALSE
MEN/Shirts_Polos/id_00002461/01_1_front.jpg,MEN/Shirts_Polos/id_00002461/01_1_front.jpg,TRUE,FALSE
MEN/Tees_Tanks/id_00001774/33_2_side.jpg,MEN/Tees_Tanks/id_00001774/33_2_side.jpg,TRUE,FALSE
WOMEN/Pants/id_00003450/02_2_side.jpg,WOMEN/Pants/id_00003450/02_2_side.jpg,TRUE,FALSE
WOMEN/Dresses/id_00005768/20_7_additional.jpg,WOMEN/Dresses/id_00005768/20_7_additional.jpg,TRUE,TRUE
WOMEN/Tees_Tanks/id_00005702/12_1_front.jpg,WOMEN/Tees_Tanks/id_00005702/12_1_front.jpg,TRUE,FALSE
WOMEN/Sweaters/id_00006080/05_3_back.jpg,WOMEN/Sweaters/id_00006080/05_3_back.jpg,TRUE,FALSE
WOMEN/Dresses/id_00003931/01_3_back.jpg,WOMEN/Dresses/id_00003931/01_3_back.jpg,TRUE,FALSE
WOMEN/Tees_Tanks/id_00007863/07_3_back.jpg,WOMEN/Tees_Tanks/id_00007863/07_3_back.jpg,TRUE,FALSE
WOMEN/Dresses/id_00007046/04_2_side.jpg,WOMEN/Dresses/id_00007046/04_2_side.jpg,TRUE,FALSE
WOMEN/Tees_Tanks/id_00002162/61_1_front.jpg,WOMEN/Tees_Tanks/id_00002162/61_1_front.jpg,TRUE,FALSE
WOMEN/Dresses/id_00001374/02_7_additional.jpg,WOMEN/Dresses/id_00001374/02_7_additional.jpg,TRUE,TRUE
WOMEN/Sweaters/id_00006734/07_1_front.jpg,WOMEN/Sweaters/id_00006734/07_1_front.jpg,TRUE,FALSE
WOMEN/Dresses/id_00004805/02_1_front.jpg,WOMEN/Dresses/id_00004805/02_1_front.jpg,TRUE,TRUE
WOMEN/Pants/id_00007802/09_2_side.jpg,WOMEN/Pants/id_00007802/09_2_side.jpg,FALSE,FALSE
WOMEN/Blouses_Shirts/id_00007033/04_7_additional.jpg,WOMEN/Blouses_Shirts/id_00007033/04_7_additional.jpg,TRUE,FALSE
MEN/Tees_Tanks/id_00003425/08_3_back.jpg,MEN/Tees_Tanks/id_00003425/08_3_back.jpg,TRUE,FALSE
WOMEN/Shorts/id_00004660/01_4_full.jpg,WOMEN/Shorts/id_00004660/01_4_full.jpg,TRUE,TRUE
MEN/Sweaters/id_00000078/04_2_side.jpg,MEN/Sweaters/id_00000078/04_2_side.jpg,TRUE,FALSE
WOMEN/Jackets_Coats/id_00006710/03_7_additional.jpg,WOMEN/Jackets_Coats/id_00006710/03_7_additional.jpg,TRUE,TRUE
WOMEN/Blouses_Shirts/id_00005689/01_7_additional.jpg,WOMEN/Blouses_Shirts/id_00005689/01_7_additional.jpg,TRUE,FALSE
WOMEN/Dresses/id_00005415/02_7_additional.jpg,WOMEN/Dresses/id_00005415/02_7_additional.jpg,TRUE,FALSE
WOMEN/Pants/id_00005980/06_7_additional.jpg,WOMEN/Pants/id_00005980/06_7_additional.jpg,FALSE,FALSE
MEN/Shirts_Polos/id_00002035/01_3_back.jpg,MEN/Shirts_Polos/id_00002035/01_3_back.jpg,TRUE,FALSE
WOMEN/Pants/id_00003919/04_7_additional.jpg,WOMEN/Pants/id_00003919/04_7_additional.jpg,FALSE,FALSE
WOMEN/Tees_Tanks/id_00007901/06_4_full.jpg,WOMEN/Tees_Tanks/id_00007901/06_4_full.jpg,TRUE,TRUE
WOMEN/Blouses_Shirts/id_00007196/03_4_full.jpg,WOMEN/Blouses_Shirts/id_00007196/03_4_full.jpg,TRUE,TRUE
WOMEN/Dresses/id_00002936/02_2_side.jpg,WOMEN/Dresses/id_00002936/02_2_side.jpg,TRUE,TRUE
WOMEN/Skirts/id_00004382/03_1_front.jpg,WOMEN/Skirts/id_00004382/03_1_front.jpg,TRUE,FALSE
WOMEN/Sweaters/id_00003673/02_4_full.jpg,WOMEN/Sweaters/id_00003673/02_4_full.jpg,TRUE,TRUE
WOMEN/Blouses_Shirts/id_00007159/05_1_front.jpg,WOMEN/Blouses_Shirts/id_00007159/05_1_front.jpg,TRUE,FALSE
WOMEN/Rompers_Jumpsuits/id_00007521/02_1_front.jpg,WOMEN/Rompers_Jumpsuits/id_00007521/02_1_front.jpg,TRUE,TRUE
WOMEN/Dresses/id_00006040/01_7_additional.jpg,WOMEN/Dresses/id_00006040/01_7_additional.jpg,TRUE,FALSE
WOMEN/Jackets_Coats/id_00007840/13_3_back.jpg,WOMEN/Jackets_Coats/id_00007840/13_3_back.jpg,TRUE,FALSE
WOMEN/Tees_Tanks/id_00002678/53_7_additional.jpg,WOMEN/Tees_Tanks/id_00002678/53_7_additional.jpg,TRUE,FALSE
WOMEN/Tees_Tanks/id_00006640/02_3_back.jpg,WOMEN/Tees_Tanks/id_00006640/02_3_back.jpg,TRUE,FALSE
WOMEN/Skirts/id_00005904/04_1_front.jpg,WOMEN/Skirts/id_00005904/04_1_front.jpg,TRUE,TRUE
WOMEN/Tees_Tanks/id_00004985/02_2_side.jpg,WOMEN/Tees_Tanks/id_00004985/02_2_side.jpg,TRUE,FALSE
WOMEN/Blouses_Shirts/id_00005393/03_3_back.jpg,WOMEN/Blouses_Shirts/id_00005393/03_3_back.jpg,TRUE,FALSE
WOMEN/Tees_Tanks/id_00000696/02_1_front.jpg,WOMEN/Tees_Tanks/id_00000696/02_1_front.jpg,TRUE,FALSE
MEN/Tees_Tanks/id_00003470/13_1_front.jpg,MEN/Tees_Tanks/id_00003470/13_1_front.jpg,TRUE,FALSE
WOMEN/Blouses_Shirts/id_00004859/02_2_side.jpg,WOMEN/Blouses_Shirts/id_00004859/02_2_side.jpg,TRUE,FALSE
MEN/Tees_Tanks/id_00005160/12_7_additional.jpg,MEN/Tees_Tanks/id_00005160/12_7_additional.jpg,TRUE,FALSE
WOMEN/Skirts/id_00005235/01_2_side.jpg,WOMEN/Skirts/id_00005235/01_2_side.jpg,FALSE,FALSE
MEN/Tees_Tanks/id_00005858/11_1_front.jpg,MEN/Tees_Tanks/id_00005858/11_1_front.jpg,TRUE,FALSE
WOMEN/Tees_Tanks/id_00000936/08_2_side.jpg,WOMEN/Tees_Tanks/id_00000936/08_2_side.jpg,TRUE,FALSE
WOMEN/Jackets_Coats/id_00007186/04_3_back.jpg,WOMEN/Jackets_Coats/id_00007186/04_3_back.jpg,TRUE,FALSE
WOMEN/Tees_Tanks/id_00005269/06_4_full.jpg,WOMEN/Tees_Tanks/id_00005269/06_4_full.jpg,TRUE,TRUE
WOMEN/Pants/id_00001293/01_7_additional.jpg,WOMEN/Pants/id_00001293/01_7_additional.jpg,FALSE,FALSE
WOMEN/Blouses_Shirts/id_00004803/03_2_side.jpg,WOMEN/Blouses_Shirts/id_00004803/03_2_side.jpg,TRUE,FALSE
WOMEN/Tees_Tanks/id_00007483/05_2_side.jpg,WOMEN/Tees_Tanks/id_00007483/05_2_side.jpg,TRUE,FALSE
WOMEN/Tees_Tanks/id_00004300/04_4_full.jpg,WOMEN/Tees_Tanks/id_00004300/04_4_full.jpg,TRUE,TRUE
WOMEN/Sweatshirts_Hoodies/id_00001249/04_3_back.jpg,WOMEN/Sweatshirts_Hoodies/id_00001249/04_3_back.jpg,TRUE,FALSE
WOMEN/Dresses/id_00003041/06_1_front.jpg,WOMEN/Dresses/id_00003041/06_1_front.jpg,TRUE,FALSE
MEN/Tees_Tanks/id_00000755/04_3_back.jpg,MEN/Tees_Tanks/id_00000755/04_3_back.jpg,TRUE,FALSE
WOMEN/Blouses_Shirts/id_00001400/02_1_front.jpg,WOMEN/Blouses_Shirts/id_00001400/02_1_front.jpg,TRUE,FALSE
WOMEN/Tees_Tanks/id_00004096/05_2_side.jpg,WOMEN/Tees_Tanks/id_00004096/05_2_side.jpg,TRUE,FALSE
WOMEN/Blouses_Shirts/id_00000387/03_1_front.jpg,WOMEN/Blouses_Shirts/id_00000387/03_1_front.jpg,TRUE,FALSE
WOMEN/Shorts/id_00000066/02_7_additional.jpg,WOMEN/Shorts/id_00000066/02_7_additional.jpg,FALSE,FALSE
WOMEN/Tees_Tanks/id_00003849/01_7_additional.jpg,WOMEN/Tees_Tanks/id_00003849/01_7_additional.jpg,TRUE,TRUE
WOMEN/Pants/id_00006980/06_3_back.jpg,WOMEN/Pants/id_00006980/06_3_back.jpg,FALSE,FALSE
MEN/Shorts/id_00000337/10_1_front.jpg,MEN/Shorts/id_00000337/10_1_front.jpg,FALSE,FALSE
WOMEN/Skirts/id_00001558/01_7_additional.jpg,WOMEN/Skirts/id_00001558/01_7_additional.jpg,FALSE,FALSE
WOMEN/Skirts/id_00007511/04_2_side.jpg,WOMEN/Skirts/id_00007511/04_2_side.jpg,FALSE,FALSE
WOMEN/Tees_Tanks/id_00000620/01_1_front.jpg,WOMEN/Tees_Tanks/id_00000620/01_1_front.jpg,TRUE,FALSE
WOMEN/Jackets_Coats/id_00005297/02_1_front.jpg,WOMEN/Jackets_Coats/id_00005297/02_1_front.jpg,TRUE,TRUE
WOMEN/Blouses_Shirts/id_00001862/02_1_front.jpg,WOMEN/Blouses_Shirts/id_00001862/02_1_front.jpg,TRUE,TRUE
WOMEN/Shorts/id_00002305/02_3_back.jpg,WOMEN/Shorts/id_00002305/02_3_back.jpg,FALSE,FALSE
WOMEN/Dresses/id_00003584/01_2_side.jpg,WOMEN/Dresses/id_00003584/01_2_side.jpg,TRUE,TRUE
WOMEN/Rompers_Jumpsuits/id_00001562/02_1_front.jpg,WOMEN/Rompers_Jumpsuits/id_00001562/02_1_front.jpg,TRUE,FALSE
WOMEN/Dresses/id_00007825/02_7_additional.jpg,WOMEN/Dresses/id_00007825/02_7_additional.jpg,TRUE,FALSE
WOMEN/Blouses_Shirts/id_00007196/03_1_front.jpg,WOMEN/Blouses_Shirts/id_00007196/03_1_front.jpg,TRUE,FALSE
WOMEN/Graphic_Tees/id_00004417/01_3_back.jpg,WOMEN/Graphic_Tees/id_00004417/01_3_back.jpg,TRUE,FALSE
WOMEN/Dresses/id_00002009/01_2_side.jpg,WOMEN/Dresses/id_00002009/01_2_side.jpg,TRUE,TRUE
WOMEN/Tees_Tanks/id_00000961/04_2_side.jpg,WOMEN/Tees_Tanks/id_00000961/04_2_side.jpg,TRUE,FALSE
WOMEN/Jackets_Coats/id_00002396/01_3_back.jpg,WOMEN/Jackets_Coats/id_00002396/01_3_back.jpg,TRUE,FALSE
WOMEN/Blouses_Shirts/id_00007422/02_4_full.jpg,WOMEN/Blouses_Shirts/id_00007422/02_4_full.jpg,TRUE,TRUE
MEN/Tees_Tanks/id_00003425/07_7_additional.jpg,MEN/Tees_Tanks/id_00003425/07_7_additional.jpg,FALSE,FALSE
MEN/Pants/id_00004590/01_3_back.jpg,MEN/Pants/id_00004590/01_3_back.jpg,FALSE,FALSE
WOMEN/Jackets_Coats/id_00005395/04_7_additional.jpg,WOMEN/Jackets_Coats/id_00005395/04_7_additional.jpg,TRUE,FALSE
WOMEN/Graphic_Tees/id_00003244/01_2_side.jpg,WOMEN/Graphic_Tees/id_00003244/01_2_side.jpg,TRUE,FALSE
MEN/Shirts_Polos/id_00000167/01_4_full.jpg,MEN/Shirts_Polos/id_00000167/01_4_full.jpg,TRUE,TRUE
WOMEN/Cardigans/id_00000804/04_3_back.jpg,WOMEN/Cardigans/id_00000804/04_3_back.jpg,TRUE,FALSE
WOMEN/Dresses/id_00006492/04_1_front.jpg,WOMEN/Dresses/id_00006492/04_1_front.jpg,TRUE,FALSE
WOMEN/Tees_Tanks/id_00001743/02_7_additional.jpg,WOMEN/Tees_Tanks/id_00001743/02_7_additional.jpg,TRUE,TRUE
WOMEN/Tees_Tanks/id_00001277/01_2_side.jpg,WOMEN/Tees_Tanks/id_00001277/01_2_side.jpg,TRUE,FALSE
WOMEN/Tees_Tanks/id_00005532/04_4_full.jpg,WOMEN/Tees_Tanks/id_00005532/04_4_full.jpg,TRUE,TRUE
WOMEN/Shorts/id_00007131/02_7_additional.jpg,WOMEN/Shorts/id_00007131/02_7_additional.jpg,FALSE,FALSE
WOMEN/Dresses/id_00005443/02_4_full.jpg,WOMEN/Dresses/id_00005443/02_4_full.jpg,TRUE,TRUE
WOMEN/Tees_Tanks/id_00007279/04_4_full.jpg,WOMEN/Tees_Tanks/id_00007279/04_4_full.jpg,TRUE,TRUE
MEN/Sweaters/id_00005876/01_7_additional.jpg,MEN/Sweaters/id_00005876/01_7_additional.jpg,TRUE,FALSE
WOMEN/Cardigans/id_00006470/03_7_additional.jpg,WOMEN/Cardigans/id_00006470/03_7_additional.jpg,FALSE,FALSE
WOMEN/Skirts/id_00000586/02_7_additional.jpg,WOMEN/Skirts/id_00000586/02_7_additional.jpg,FALSE,FALSE
WOMEN/Graphic_Tees/id_00006682/01_4_full.jpg,WOMEN/Graphic_Tees/id_00006682/01_4_full.jpg,TRUE,TRUE
WOMEN/Dresses/id_00000983/02_1_front.jpg,WOMEN/Dresses/id_00000983/02_1_front.jpg,TRUE,FALSE
MEN/Sweatshirts_Hoodies/id_00002115/01_1_front.jpg,MEN/Sweatshirts_Hoodies/id_00002115/01_1_front.jpg,TRUE,FALSE
WOMEN/Sweatshirts_Hoodies/id_00004430/05_3_back.jpg,WOMEN/Sweatshirts_Hoodies/id_00004430/05_3_back.jpg,TRUE,FALSE
WOMEN/Denim/id_00005079/04_4_full.jpg,WOMEN/Denim/id_00005079/04_4_full.jpg,TRUE,TRUE
WOMEN/Jackets_Coats/id_00005776/01_2_side.jpg,WOMEN/Jackets_Coats/id_00005776/01_2_side.jpg,TRUE,FALSE
WOMEN/Dresses/id_00004799/01_2_side.jpg,WOMEN/Dresses/id_00004799/01_2_side.jpg,TRUE,TRUE
WOMEN/Tees_Tanks/id_00005479/15_3_back.jpg,WOMEN/Tees_Tanks/id_00005479/15_3_back.jpg,TRUE,FALSE
WOMEN/Blouses_Shirts/id_00002654/01_1_front.jpg,WOMEN/Blouses_Shirts/id_00002654/01_1_front.jpg,TRUE,FALSE
WOMEN/Tees_Tanks/id_00002185/01_7_additional.jpg,WOMEN/Tees_Tanks/id_00002185/01_7_additional.jpg,FALSE,FALSE
MEN/Tees_Tanks/id_00001571/01_3_back.jpg,MEN/Tees_Tanks/id_00001571/01_3_back.jpg,TRUE,FALSE
WOMEN/Cardigans/id_00002941/07_7_additional.jpg,WOMEN/Cardigans/id_00002941/07_7_additional.jpg,TRUE,FALSE
WOMEN/Sweaters/id_00003466/10_3_back.jpg,WOMEN/Sweaters/id_00003466/10_3_back.jpg,TRUE,FALSE
WOMEN/Dresses/id_00004147/02_7_additional.jpg,WOMEN/Dresses/id_00004147/02_7_additional.jpg,FALSE,FALSE
WOMEN/Blouses_Shirts/id_00004716/02_2_side.jpg,WOMEN/Blouses_Shirts/id_00004716/02_2_side.jpg,TRUE,FALSE
WOMEN/Sweaters/id_00001500/01_2_side.jpg,WOMEN/Sweaters/id_00001500/01_2_side.jpg,TRUE,FALSE
WOMEN/Pants/id_00006341/01_1_front.jpg,WOMEN/Pants/id_00006341/01_1_front.jpg,TRUE,TRUE
MEN/Tees_Tanks/id_00007104/02_2_side.jpg,MEN/Tees_Tanks/id_00007104/02_2_side.jpg,FALSE,FALSE
WOMEN/Tees_Tanks/id_00003713/02_4_full.jpg,WOMEN/Tees_Tanks/id_00003713/02_4_full.jpg,TRUE,TRUE
WOMEN/Sweaters/id_00000471/01_1_front.jpg,WOMEN/Sweaters/id_00000471/01_1_front.jpg,TRUE,FALSE
MEN/Shirts_Polos/id_00003009/05_3_back.jpg,MEN/Shirts_Polos/id_00003009/05_3_back.jpg,TRUE,FALSE
WOMEN/Sweaters/id_00000840/04_1_front.jpg,WOMEN/Sweaters/id_00000840/04_1_front.jpg,TRUE,FALSE
WOMEN/Tees_Tanks/id_00002402/01_7_additional.jpg,WOMEN/Tees_Tanks/id_00002402/01_7_additional.jpg,TRUE,TRUE
WOMEN/Blouses_Shirts/id_00004823/03_1_front.jpg,WOMEN/Blouses_Shirts/id_00004823/03_1_front.jpg,TRUE,TRUE
WOMEN/Blouses_Shirts/id_00001663/02_3_back.jpg,WOMEN/Blouses_Shirts/id_00001663/02_3_back.jpg,TRUE,FALSE
WOMEN/Shorts/id_00000942/01_3_back.jpg,WOMEN/Shorts/id_00000942/01_3_back.jpg,FALSE,FALSE
WOMEN/Tees_Tanks/id_00002210/01_7_additional.jpg,WOMEN/Tees_Tanks/id_00002210/01_7_additional.jpg,FALSE,FALSE
WOMEN/Tees_Tanks/id_00002415/07_3_back.jpg,WOMEN/Tees_Tanks/id_00002415/07_3_back.jpg,TRUE,FALSE
WOMEN/Dresses/id_00005810/05_7_additional.jpg,WOMEN/Dresses/id_00005810/05_7_additional.jpg,TRUE,FALSE
WOMEN/Cardigans/id_00002215/03_7_additional.jpg,WOMEN/Cardigans/id_00002215/03_7_additional.jpg,TRUE,TRUE
WOMEN/Dresses/id_00000480/02_1_front.jpg,WOMEN/Dresses/id_00000480/02_1_front.jpg,TRUE,FALSE
WOMEN/Tees_Tanks/id_00000316/06_7_additional.jpg,WOMEN/Tees_Tanks/id_00000316/06_7_additional.jpg,FALSE,FALSE
WOMEN/Cardigans/id_00002207/03_2_side.jpg,WOMEN/Cardigans/id_00002207/03_2_side.jpg,TRUE,TRUE
WOMEN/Rompers_Jumpsuits/id_00002856/01_3_back.jpg,WOMEN/Rompers_Jumpsuits/id_00002856/01_3_back.jpg,TRUE,FALSE
MEN/Shorts/id_00000847/08_1_front.jpg,MEN/Shorts/id_00000847/08_1_front.jpg,FALSE,FALSE
WOMEN/Tees_Tanks/id_00003967/09_4_full.jpg,WOMEN/Tees_Tanks/id_00003967/09_4_full.jpg,TRUE,TRUE
MEN/Sweaters/id_00003906/01_3_back.jpg,MEN/Sweaters/id_00003906/01_3_back.jpg,TRUE,FALSE
WOMEN/Dresses/id_00000282/01_2_side.jpg,WOMEN/Dresses/id_00000282/01_2_side.jpg,TRUE,FALSE
WOMEN/Dresses/id_00000269/12_2_side.jpg,WOMEN/Dresses/id_00000269/12_2_side.jpg,TRUE,FALSE
WOMEN/Tees_Tanks/id_00007709/01_1_front.jpg,WOMEN/Tees_Tanks/id_00007709/01_1_front.jpg,TRUE,FALSE
WOMEN/Rompers_Jumpsuits/id_00004252/04_4_full.jpg,WOMEN/Rompers_Jumpsuits/id_00004252/04_4_full.jpg,TRUE,TRUE
WOMEN/Denim/id_00002132/02_7_additional.jpg,WOMEN/Denim/id_00002132/02_7_additional.jpg,FALSE,FALSE
MEN/Tees_Tanks/id_00006287/01_7_additional.jpg,MEN/Tees_Tanks/id_00006287/01_7_additional.jpg,TRUE,TRUE
WOMEN/Blouses_Shirts/id_00003317/02_7_additional.jpg,WOMEN/Blouses_Shirts/id_00003317/02_7_additional.jpg,FALSE,FALSE
WOMEN/Shorts/id_00002465/06_2_side.jpg,WOMEN/Shorts/id_00002465/06_2_side.jpg,FALSE,FALSE
WOMEN/Dresses/id_00000178/01_7_additional.jpg,WOMEN/Dresses/id_00000178/01_7_additional.jpg,TRUE,FALSE
WOMEN/Pants/id_00000029/04_2_side.jpg,WOMEN/Pants/id_00000029/04_2_side.jpg,FALSE,FALSE
MEN/Pants/id_00003872/01_7_additional.jpg,MEN/Pants/id_00003872/01_7_additional.jpg,TRUE,TRUE
MEN/Shorts/id_00006420/06_3_back.jpg,MEN/Shorts/id_00006420/06_3_back.jpg,FALSE,FALSE
WOMEN/Dresses/id_00003003/03_7_additional.jpg,WOMEN/Dresses/id_00003003/03_7_additional.jpg,TRUE,FALSE
WOMEN/Blouses_Shirts/id_00006130/01_2_side.jpg,WOMEN/Blouses_Shirts/id_00006130/01_2_side.jpg,TRUE,FALSE
WOMEN/Graphic_Tees/id_00001545/01_3_back.jpg,WOMEN/Graphic_Tees/id_00001545/01_3_back.jpg,TRUE,FALSE
WOMEN/Tees_Tanks/id_00003672/06_3_back.jpg,WOMEN/Tees_Tanks/id_00003672/06_3_back.jpg,TRUE,FALSE
WOMEN/Jackets_Coats/id_00007459/02_7_additional.jpg,WOMEN/Jackets_Coats/id_00007459/02_7_additional.jpg,TRUE,FALSE
WOMEN/Blouses_Shirts/id_00004421/02_7_additional.jpg,WOMEN/Blouses_Shirts/id_00004421/02_7_additional.jpg,TRUE,FALSE
MEN/Tees_Tanks/id_00007937/01_2_side.jpg,MEN/Tees_Tanks/id_00007937/01_2_side.jpg,TRUE,FALSE
WOMEN/Tees_Tanks/id_00001113/04_1_front.jpg,WOMEN/Tees_Tanks/id_00001113/04_1_front.jpg,TRUE,FALSE
WOMEN/Cardigans/id_00007012/03_1_front.jpg,WOMEN/Cardigans/id_00007012/03_1_front.jpg,TRUE,FALSE
MEN/Jackets_Vests/id_00004672/01_2_side.jpg,MEN/Jackets_Vests/id_00004672/01_2_side.jpg,TRUE,FALSE
WOMEN/Blouses_Shirts/id_00002004/03_2_side.jpg,WOMEN/Blouses_Shirts/id_00002004/03_2_side.jpg,TRUE,FALSE
WOMEN/Tees_Tanks/id_00002830/04_1_front.jpg,WOMEN/Tees_Tanks/id_00002830/04_1_front.jpg,TRUE,FALSE
WOMEN/Sweatshirts_Hoodies/id_00003212/01_2_side.jpg,WOMEN/Sweatshirts_Hoodies/id_00003212/01_2_side.jpg,TRUE,FALSE
WOMEN/Tees_Tanks/id_00005405/01_4_full.jpg,WOMEN/Tees_Tanks/id_00005405/01_4_full.jpg,TRUE,TRUE
WOMEN/Tees_Tanks/id_00003385/01_3_back.jpg,WOMEN/Tees_Tanks/id_00003385/01_3_back.jpg,TRUE,FALSE
WOMEN/Blouses_Shirts/id_00000740/04_2_side.jpg,WOMEN/Blouses_Shirts/id_00000740/04_2_side.jpg,TRUE,FALSE
MEN/Tees_Tanks/id_00002317/01_4_full.jpg,MEN/Tees_Tanks/id_00002317/01_4_full.jpg,TRUE,TRUE
WOMEN/Dresses/id_00007540/02_3_back.jpg,WOMEN/Dresses/id_00007540/02_3_back.jpg,TRUE,FALSE
WOMEN/Pants/id_00000394/02_4_full.jpg,WOMEN/Pants/id_00000394/02_4_full.jpg,FALSE,FALSE
WOMEN/Tees_Tanks/id_00006887/02_1_front.jpg,WOMEN/Tees_Tanks/id_00006887/02_1_front.jpg,TRUE,FALSE
WOMEN/Tees_Tanks/id_00004759/03_7_additional.jpg,WOMEN/Tees_Tanks/id_00004759/03_7_additional.jpg,TRUE,FALSE
MEN/Tees_Tanks/id_00007361/01_7_additional.jpg,MEN/Tees_Tanks/id_00007361/01_7_additional.jpg,FALSE,FALSE
WOMEN/Graphic_Tees/id_00001711/01_3_back.jpg,WOMEN/Graphic_Tees/id_00001711/01_3_back.jpg,TRUE,FALSE
MEN/Tees_Tanks/id_00004305/01_1_front.jpg,MEN/Tees_Tanks/id_00004305/01_1_front.jpg,TRUE,FALSE
WOMEN/Tees_Tanks/id_00007721/45_2_side.jpg,WOMEN/Tees_Tanks/id_00007721/45_2_side.jpg,TRUE,FALSE
WOMEN/Sweatshirts_Hoodies/id_00003164/02_2_side.jpg,WOMEN/Sweatshirts_Hoodies/id_00003164/02_2_side.jpg,TRUE,FALSE
MEN/Shorts/id_00007442/07_2_side.jpg,MEN/Shorts/id_00007442/07_2_side.jpg,FALSE,FALSE
MEN/Shirts_Polos/id_00001055/02_2_side.jpg,MEN/Shirts_Polos/id_00001055/02_2_side.jpg,TRUE,FALSE
WOMEN/Skirts/id_00004887/03_4_full.jpg,WOMEN/Skirts/id_00004887/03_4_full.jpg,FALSE,FALSE
WOMEN/Tees_Tanks/id_00000316/03_1_front.jpg,WOMEN/Tees_Tanks/id_00000316/03_1_front.jpg,TRUE,FALSE
WOMEN/Blouses_Shirts/id_00007424/02_2_side.jpg,WOMEN/Blouses_Shirts/id_00007424/02_2_side.jpg,TRUE,FALSE
MEN/Tees_Tanks/id_00004729/04_2_side.jpg,MEN/Tees_Tanks/id_00004729/04_2_side.jpg,TRUE,FALSE
WOMEN/Tees_Tanks/id_00007670/07_7_additional.jpg,WOMEN/Tees_Tanks/id_00007670/07_7_additional.jpg,TRUE,TRUE
WOMEN/Tees_Tanks/id_00005532/04_1_front.jpg,WOMEN/Tees_Tanks/id_00005532/04_1_front.jpg,TRUE,FALSE
WOMEN/Sweaters/id_00000958/05_7_additional.jpg,WOMEN/Sweaters/id_00000958/05_7_additional.jpg,TRUE,FALSE
WOMEN/Blouses_Shirts/id_00001241/03_2_side.jpg,WOMEN/Blouses_Shirts/id_00001241/03_2_side.jpg,TRUE,FALSE
WOMEN/Sweatshirts_Hoodies/id_00002105/02_7_additional.jpg,WOMEN/Sweatshirts_Hoodies/id_00002105/02_7_additional.jpg,TRUE,TRUE
WOMEN/Dresses/id_00003646/01_3_back.jpg,WOMEN/Dresses/id_00003646/01_3_back.jpg,TRUE,FALSE
WOMEN/Tees_Tanks/id_00001026/08_4_full.jpg,WOMEN/Tees_Tanks/id_00001026/08_4_full.jpg,TRUE,TRUE
WOMEN/Blouses_Shirts/id_00002140/02_7_additional.jpg,WOMEN/Blouses_Shirts/id_00002140/02_7_additional.jpg,TRUE,TRUE
WOMEN/Blouses_Shirts/id_00002716/01_4_full.jpg,WOMEN/Blouses_Shirts/id_00002716/01_4_full.jpg,TRUE,TRUE
WOMEN/Blouses_Shirts/id_00002972/01_4_full.jpg,WOMEN/Blouses_Shirts/id_00002972/01_4_full.jpg,TRUE,TRUE
WOMEN/Tees_Tanks/id_00000219/01_3_back.jpg,WOMEN/Tees_Tanks/id_00000219/01_3_back.jpg,TRUE,FALSE
WOMEN/Dresses/id_00001403/02_1_front.jpg,WOMEN/Dresses/id_00001403/02_1_front.jpg,TRUE,TRUE
WOMEN/Sweaters/id_00002608/08_3_back.jpg,WOMEN/Sweaters/id_00002608/08_3_back.jpg,TRUE,FALSE
WOMEN/Blouses_Shirts/id_00007317/02_2_side.jpg,WOMEN/Blouses_Shirts/id_00007317/02_2_side.jpg,TRUE,FALSE
WOMEN/Cardigans/id_00002121/20_7_additional.jpg,WOMEN/Cardigans/id_00002121/20_7_additional.jpg,TRUE,TRUE
WOMEN/Shorts/id_00004949/03_7_additional.jpg,WOMEN/Shorts/id_00004949/03_7_additional.jpg,FALSE,FALSE
WOMEN/Blouses_Shirts/id_00000758/02_7_additional.jpg,WOMEN/Blouses_Shirts/id_00000758/02_7_additional.jpg,TRUE,FALSE
WOMEN/Blouses_Shirts/id_00007735/04_3_back.jpg,WOMEN/Blouses_Shirts/id_00007735/04_3_back.jpg,TRUE,FALSE
WOMEN/Sweatshirts_Hoodies/id_00004637/04_4_full.jpg,WOMEN/Sweatshirts_Hoodies/id_00004637/04_4_full.jpg,TRUE,TRUE
WOMEN/Blouses_Shirts/id_00000239/02_3_back.jpg,WOMEN/Blouses_Shirts/id_00000239/02_3_back.jpg,TRUE,FALSE
WOMEN/Dresses/id_00000825/02_7_additional.jpg,WOMEN/Dresses/id_00000825/02_7_additional.jpg,TRUE,FALSE
WOMEN/Cardigans/id_00005240/02_3_back.jpg,WOMEN/Cardigans/id_00005240/02_3_back.jpg,TRUE,TRUE
WOMEN/Sweaters/id_00004680/03_1_front.jpg,WOMEN/Sweaters/id_00004680/03_1_front.jpg,TRUE,FALSE
WOMEN/Shorts/id_00000923/01_2_side.jpg,WOMEN/Shorts/id_00000923/01_2_side.jpg,FALSE,FALSE
WOMEN/Tees_Tanks/id_00005085/29_4_full.jpg,WOMEN/Tees_Tanks/id_00005085/29_4_full.jpg,TRUE,TRUE
WOMEN/Blouses_Shirts/id_00001332/01_3_back.jpg,WOMEN/Blouses_Shirts/id_00001332/01_3_back.jpg,TRUE,FALSE
MEN/Tees_Tanks/id_00000296/04_4_full.jpg,MEN/Tees_Tanks/id_00000296/04_4_full.jpg,TRUE,TRUE
WOMEN/Graphic_Tees/id_00001653/01_4_full.jpg,WOMEN/Graphic_Tees/id_00001653/01_4_full.jpg,TRUE,TRUE
WOMEN/Jackets_Coats/id_00002396/01_7_additional.jpg,WOMEN/Jackets_Coats/id_00002396/01_7_additional.jpg,TRUE,FALSE
WOMEN/Tees_Tanks/id_00007896/05_3_back.jpg,WOMEN/Tees_Tanks/id_00007896/05_3_back.jpg,TRUE,FALSE
MEN/Sweaters/id_00001315/01_1_front.jpg,MEN/Sweaters/id_00001315/01_1_front.jpg,TRUE,TRUE
WOMEN/Tees_Tanks/id_00003922/02_3_back.jpg,WOMEN/Tees_Tanks/id_00003922/02_3_back.jpg,TRUE,FALSE
MEN/Pants/id_00006535/09_3_back.jpg,MEN/Pants/id_00006535/09_3_back.jpg,FALSE,FALSE
WOMEN/Shorts/id_00005599/04_3_back.jpg,WOMEN/Shorts/id_00005599/04_3_back.jpg,FALSE,FALSE
WOMEN/Denim/id_00005673/02_3_back.jpg,WOMEN/Denim/id_00005673/02_3_back.jpg,FALSE,FALSE
MEN/Denim/id_00000938/03_3_back.jpg,MEN/Denim/id_00000938/03_3_back.jpg,FALSE,FALSE
WOMEN/Skirts/id_00000500/06_1_front.jpg,WOMEN/Skirts/id_00000500/06_1_front.jpg,TRUE,TRUE
WOMEN/Graphic_Tees/id_00001132/01_1_front.jpg,WOMEN/Graphic_Tees/id_00001132/01_1_front.jpg,TRUE,FALSE
WOMEN/Jackets_Coats/id_00005544/01_2_side.jpg,WOMEN/Jackets_Coats/id_00005544/01_2_side.jpg,TRUE,FALSE
WOMEN/Tees_Tanks/id_00006616/03_2_side.jpg,WOMEN/Tees_Tanks/id_00006616/03_2_side.jpg,TRUE,FALSE
WOMEN/Pants/id_00007727/01_1_front.jpg,WOMEN/Pants/id_00007727/01_1_front.jpg,FALSE,FALSE
MEN/Pants/id_00007930/02_2_side.jpg,MEN/Pants/id_00007930/02_2_side.jpg,FALSE,FALSE
WOMEN/Dresses/id_00002854/04_1_front.jpg,WOMEN/Dresses/id_00002854/04_1_front.jpg,TRUE,FALSE
WOMEN/Dresses/id_00002756/01_2_side.jpg,WOMEN/Dresses/id_00002756/01_2_side.jpg,TRUE,TRUE
MEN/Denim/id_00000089/03_7_additional.jpg,MEN/Denim/id_00000089/03_7_additional.jpg,TRUE,TRUE
WOMEN/Shorts/id_00001445/03_4_full.jpg,WOMEN/Shorts/id_00001445/03_4_full.jpg,TRUE,TRUE
WOMEN/Blouses_Shirts/id_00001890/04_7_additional.jpg,WOMEN/Blouses_Shirts/id_00001890/04_7_additional.jpg,TRUE,FALSE
WOMEN/Blouses_Shirts/id_00005031/02_4_full.jpg,WOMEN/Blouses_Shirts/id_00005031/02_4_full.jpg,TRUE,TRUE
WOMEN/Dresses/id_00005927/01_7_additional.jpg,WOMEN/Dresses/id_00005927/01_7_additional.jpg,TRUE,TRUE
WOMEN/Jackets_Coats/id_00005167/06_7_additional.jpg,WOMEN/Jackets_Coats/id_00005167/06_7_additional.jpg,TRUE,TRUE
MEN/Sweatshirts_Hoodies/id_00004031/01_1_front.jpg,MEN/Sweatshirts_Hoodies/id_00004031/01_1_front.jpg,TRUE,FALSE
WOMEN/Pants/id_00001261/02_1_front.jpg,WOMEN/Pants/id_00001261/02_1_front.jpg,TRUE,TRUE
WOMEN/Tees_Tanks/id_00000544/02_2_side.jpg,WOMEN/Tees_Tanks/id_00000544/02_2_side.jpg,TRUE,TRUE
WOMEN/Tees_Tanks/id_00006602/12_2_side.jpg,WOMEN/Tees_Tanks/id_00006602/12_2_side.jpg,TRUE,FALSE
MEN/Sweaters/id_00003216/05_2_side.jpg,MEN/Sweaters/id_00003216/05_2_side.jpg,TRUE,FALSE
WOMEN/Dresses/id_00006704/04_3_back.jpg,WOMEN/Dresses/id_00006704/04_3_back.jpg,TRUE,FALSE
MEN/Shorts/id_00003028/01_7_additional.jpg,MEN/Shorts/id_00003028/01_7_additional.jpg,TRUE,TRUE
MEN/Sweatshirts_Hoodies/id_00002209/03_2_side.jpg,MEN/Sweatshirts_Hoodies/id_00002209/03_2_side.jpg,TRUE,FALSE
WOMEN/Shorts/id_00005138/07_1_front.jpg,WOMEN/Shorts/id_00005138/07_1_front.jpg,TRUE,FALSE
WOMEN/Tees_Tanks/id_00001925/05_2_side.jpg,WOMEN/Tees_Tanks/id_00001925/05_2_side.jpg,TRUE,FALSE
WOMEN/Tees_Tanks/id_00005310/06_7_additional.jpg,WOMEN/Tees_Tanks/id_00005310/06_7_additional.jpg,TRUE,FALSE
WOMEN/Sweaters/id_00002790/05_1_front.jpg,WOMEN/Sweaters/id_00002790/05_1_front.jpg,TRUE,FALSE
WOMEN/Tees_Tanks/id_00005479/09_4_full.jpg,WOMEN/Tees_Tanks/id_00005479/09_4_full.jpg,TRUE,TRUE
WOMEN/Dresses/id_00006526/05_2_side.jpg,WOMEN/Dresses/id_00006526/05_2_side.jpg,TRUE,TRUE
WOMEN/Blouses_Shirts/id_00006735/04_1_front.jpg,WOMEN/Blouses_Shirts/id_00006735/04_1_front.jpg,TRUE,FALSE
WOMEN/Tees_Tanks/id_00007976/01_2_side.jpg,WOMEN/Tees_Tanks/id_00007976/01_2_side.jpg,TRUE,FALSE
MEN/Denim/id_00000826/04_1_front.jpg,MEN/Denim/id_00000826/04_1_front.jpg,FALSE,FALSE
MEN/Shorts/id_00007309/07_3_back.jpg,MEN/Shorts/id_00007309/07_3_back.jpg,FALSE,FALSE
WOMEN/Tees_Tanks/id_00007013/04_2_side.jpg,WOMEN/Tees_Tanks/id_00007013/04_2_side.jpg,TRUE,FALSE
MEN/Tees_Tanks/id_00005513/01_2_side.jpg,MEN/Tees_Tanks/id_00005513/01_2_side.jpg,TRUE,FALSE
WOMEN/Tees_Tanks/id_00002908/01_7_additional.jpg,WOMEN/Tees_Tanks/id_00002908/01_7_additional.jpg,TRUE,FALSE
WOMEN/Sweatshirts_Hoodies/id_00007240/01_2_side.jpg,WOMEN/Sweatshirts_Hoodies/id_00007240/01_2_side.jpg,TRUE,FALSE
WOMEN/Dresses/id_00002190/02_1_front.jpg,WOMEN/Dresses/id_00002190/02_1_front.jpg,TRUE,FALSE
MEN/Sweatshirts_Hoodies/id_00006147/06_7_additional.jpg,MEN/Sweatshirts_Hoodies/id_00006147/06_7_additional.jpg,TRUE,FALSE
WOMEN/Tees_Tanks/id_00007843/04_1_front.jpg,WOMEN/Tees_Tanks/id_00007843/04_1_front.jpg,TRUE,FALSE
WOMEN/Skirts/id_00006027/04_1_front.jpg,WOMEN/Skirts/id_00006027/04_1_front.jpg,TRUE,FALSE
WOMEN/Denim/id_00003347/06_2_side.jpg,WOMEN/Denim/id_00003347/06_2_side.jpg,FALSE,FALSE
WOMEN/Dresses/id_00004962/01_4_full.jpg,WOMEN/Dresses/id_00004962/01_4_full.jpg,TRUE,TRUE
WOMEN/Dresses/id_00000792/01_1_front.jpg,WOMEN/Dresses/id_00000792/01_1_front.jpg,TRUE,FALSE
MEN/Pants/id_00000494/01_7_additional.jpg,MEN/Pants/id_00000494/01_7_additional.jpg,FALSE,FALSE
WOMEN/Tees_Tanks/id_00001816/02_7_additional.jpg,WOMEN/Tees_Tanks/id_00001816/02_7_additional.jpg,TRUE,TRUE
MEN/Tees_Tanks/id_00007224/10_3_back.jpg,MEN/Tees_Tanks/id_00007224/10_3_back.jpg,TRUE,FALSE
WOMEN/Tees_Tanks/id_00003354/02_7_additional.jpg,WOMEN/Tees_Tanks/id_00003354/02_7_additional.jpg,TRUE,FALSE
MEN/Denim/id_00003845/02_3_back.jpg,MEN/Denim/id_00003845/02_3_back.jpg,FALSE,FALSE
WOMEN/Blouses_Shirts/id_00003927/04_7_additional.jpg,WOMEN/Blouses_Shirts/id_00003927/04_7_additional.jpg,FALSE,FALSE
WOMEN/Tees_Tanks/id_00007229/01_1_front.jpg,WOMEN/Tees_Tanks/id_00007229/01_1_front.jpg,TRUE,FALSE
WOMEN/Sweaters/id_00002715/01_1_front.jpg,WOMEN/Sweaters/id_00002715/01_1_front.jpg,TRUE,FALSE
MEN/Pants/id_00000785/01_1_front.jpg,MEN/Pants/id_00000785/01_1_front.jpg,FALSE,FALSE
WOMEN/Tees_Tanks/id_00005085/09_2_side.jpg,WOMEN/Tees_Tanks/id_00005085/09_2_side.jpg,TRUE,FALSE
MEN/Sweaters/id_00000016/01_7_additional.jpg,MEN/Sweaters/id_00000016/01_7_additional.jpg,TRUE,FALSE
WOMEN/Jackets_Coats/id_00007765/03_7_additional.jpg,WOMEN/Jackets_Coats/id_00007765/03_7_additional.jpg,TRUE,FALSE
WOMEN/Blouses_Shirts/id_00003265/01_3_back.jpg,WOMEN/Blouses_Shirts/id_00003265/01_3_back.jpg,TRUE,FALSE
WOMEN/Dresses/id_00007551/01_2_side.jpg,WOMEN/Dresses/id_00007551/01_2_side.jpg,TRUE,FALSE
MEN/Shorts/id_00004298/03_1_front.jpg,MEN/Shorts/id_00004298/03_1_front.jpg,FALSE,FALSE
WOMEN/Dresses/id_00007166/03_1_front.jpg,WOMEN/Dresses/id_00007166/03_1_front.jpg,TRUE,FALSE
WOMEN/Tees_Tanks/id_00001384/03_7_additional.jpg,WOMEN/Tees_Tanks/id_00001384/03_7_additional.jpg,TRUE,TRUE
WOMEN/Blouses_Shirts/id_00005486/08_2_side.jpg,WOMEN/Blouses_Shirts/id_00005486/08_2_side.jpg,TRUE,FALSE
MEN/Sweaters/id_00001581/09_1_front.jpg,MEN/Sweaters/id_00001581/09_1_front.jpg,TRUE,FALSE
MEN/Tees_Tanks/id_00004305/02_1_front.jpg,MEN/Tees_Tanks/id_00004305/02_1_front.jpg,TRUE,TRUE
WOMEN/Dresses/id_00007834/01_2_side.jpg,WOMEN/Dresses/id_00007834/01_2_side.jpg,TRUE,FALSE
WOMEN/Blouses_Shirts/id_00006751/02_2_side.jpg,WOMEN/Blouses_Shirts/id_00006751/02_2_side.jpg,TRUE,FALSE
WOMEN/Shorts/id_00000681/04_2_side.jpg,WOMEN/Shorts/id_00000681/04_2_side.jpg,FALSE,FALSE
WOMEN/Rompers_Jumpsuits/id_00002118/04_1_front.jpg,WOMEN/Rompers_Jumpsuits/id_00002118/04_1_front.jpg,TRUE,TRUE
MEN/Shorts/id_00001685/01_4_full.jpg,MEN/Shorts/id_00001685/01_4_full.jpg,TRUE,TRUE
MEN/Shirts_Polos/id_00000898/04_3_back.jpg,MEN/Shirts_Polos/id_00000898/04_3_back.jpg,TRUE,FALSE
WOMEN/Shorts/id_00007651/02_1_front.jpg,WOMEN/Shorts/id_00007651/02_1_front.jpg,TRUE,FALSE
WOMEN/Dresses/id_00003627/01_4_full.jpg,WOMEN/Dresses/id_00003627/01_4_full.jpg,TRUE,TRUE
WOMEN/Shorts/id_00006126/01_1_front.jpg,WOMEN/Shorts/id_00006126/01_1_front.jpg,TRUE,FALSE
WOMEN/Tees_Tanks/id_00003575/01_1_front.jpg,WOMEN/Tees_Tanks/id_00003575/01_1_front.jpg,TRUE,FALSE
WOMEN/Dresses/id_00001607/03_7_additional.jpg,WOMEN/Dresses/id_00001607/03_7_additional.jpg,FALSE,FALSE
WOMEN/Tees_Tanks/id_00001071/12_1_front.jpg,WOMEN/Tees_Tanks/id_00001071/12_1_front.jpg,TRUE,FALSE
WOMEN/Tees_Tanks/id_00005217/02_3_back.jpg,WOMEN/Tees_Tanks/id_00005217/02_3_back.jpg,TRUE,FALSE
WOMEN/Tees_Tanks/id_00004312/03_1_front.jpg,WOMEN/Tees_Tanks/id_00004312/03_1_front.jpg,TRUE,FALSE
WOMEN/Dresses/id_00000731/02_2_side.jpg,WOMEN/Dresses/id_00000731/02_2_side.jpg,TRUE,FALSE
WOMEN/Tees_Tanks/id_00005837/07_1_front.jpg,WOMEN/Tees_Tanks/id_00005837/07_1_front.jpg,TRUE,FALSE
WOMEN/Pants/id_00007556/06_7_additional.jpg,WOMEN/Pants/id_00007556/06_7_additional.jpg,FALSE,FALSE
WOMEN/Tees_Tanks/id_00000140/02_4_full.jpg,WOMEN/Tees_Tanks/id_00000140/02_4_full.jpg,TRUE,FALSE
